{
	"credit": "made by: brainsynder",
	"ambientocclusion": false,
	"textures": {
		"0": "block/gold_block",
		"1": "block/iron_block",
		"4": "blockbench/dollar_sign"
	},
	"elements": [
		{
			"name": "handle",
			"from": [7.5, -6, 7.6],
			"to": [8.5, 11, 8.6],
			"faces": {
				"north": {"uv": [0, 0, 1, 16], "texture": "#1"},
				"east": {"uv": [0, 0, 1, 16], "texture": "#1"},
				"south": {"uv": [0, 0, 1, 16], "texture": "#1"},
				"west": {"uv": [7.6, 5, 8.6, 16], "texture": "#1"},
				"up": {"uv": [0, 0, 1, 1], "texture": "#1"},
				"down": {"uv": [0, 0, 1, 1], "texture": "#1"}
			}
		},
		{
			"name": "octagon",
			"from": [7.51, 13.05025, 4.5],
			"to": [8.51, 15.94975, 5.5],
			"rotation": {"angle": 45, "axis": "x", "origin": [8, 14.5, 8]},
			"faces": {
				"north": {"uv": [0, 0, 1, 16], "texture": "#0"},
				"east": {"uv": [0, 0, 16, 16], "texture": "#0"},
				"south": {"uv": [0, 0, 1, 16], "texture": "#0"},
				"west": {"uv": [0, 0, 16, 16], "texture": "#0"},
				"up": {"uv": [0, 0, 16, 16], "texture": "#0"},
				"down": {"uv": [0, 0, 16, 16], "texture": "#0"}
			}
		},
		{
			"name": "octagon",
			"from": [7.5, 13.05025, 4.5],
			"to": [8.5, 15.94975, 5.5],
			"rotation": {"angle": 0, "axis": "x", "origin": [8, 14.5, 8]},
			"faces": {
				"north": {"uv": [0, 0, 1, 16], "texture": "#0"},
				"east": {"uv": [0, 0, 16, 16], "texture": "#0"},
				"south": {"uv": [0, 0, 1, 16], "texture": "#0"},
				"west": {"uv": [0, 0, 16, 16], "texture": "#0"},
				"up": {"uv": [0, 0, 16, 16], "texture": "#0"},
				"down": {"uv": [0, 0, 16, 16], "texture": "#0"}
			}
		},
		{
			"name": "octagon",
			"from": [7.51, 13.05025, 10.5],
			"to": [8.51, 15.94975, 11.5],
			"rotation": {"angle": 45, "axis": "x", "origin": [8, 14.5, 8]},
			"faces": {
				"north": {"uv": [0, 0, 1, 16], "texture": "#0"},
				"east": {"uv": [0, 0, 16, 16], "texture": "#0"},
				"south": {"uv": [0, 0, 1, 16], "texture": "#0"},
				"west": {"uv": [0, 0, 16, 16], "texture": "#0"},
				"up": {"uv": [0, 0, 16, 16], "texture": "#0"},
				"down": {"uv": [0, 0, 16, 16], "texture": "#0"}
			}
		},
		{
			"name": "octagon",
			"from": [7.5, 13.05025, 10.5],
			"to": [8.5, 15.94975, 11.5],
			"rotation": {"angle": 0, "axis": "x", "origin": [8, 14.5, 8]},
			"faces": {
				"north": {"uv": [0, 0, 1, 16], "texture": "#0"},
				"east": {"uv": [0, 0, 16, 16], "texture": "#0"},
				"south": {"uv": [0, 0, 1, 16], "texture": "#0"},
				"west": {"uv": [0, 0, 16, 16], "texture": "#0"},
				"up": {"uv": [0, 0, 16, 16], "texture": "#0"},
				"down": {"uv": [0, 0, 16, 16], "texture": "#0"}
			}
		},
		{
			"name": "octagon",
			"from": [7.51, 11, 6.55025],
			"to": [8.51, 12, 9.44975],
			"rotation": {"angle": 45, "axis": "x", "origin": [8, 14.5, 8]},
			"faces": {
				"north": {"uv": [0, 0, 1, 16], "texture": "#0"},
				"east": {"uv": [0, 0, 16, 16], "texture": "#0"},
				"south": {"uv": [0, 0, 1, 16], "texture": "#0"},
				"west": {"uv": [0, 0, 16, 16], "texture": "#0"},
				"up": {"uv": [0, 0, 1, 16], "texture": "#0"},
				"down": {"uv": [0, 0, 1, 16], "texture": "#0"}
			}
		},
		{
			"name": "octagon",
			"from": [7.5, 11, 6.55025],
			"to": [8.5, 12, 9.44975],
			"rotation": {"angle": 0, "axis": "x", "origin": [8, 14.5, 8]},
			"faces": {
				"north": {"uv": [0, 0, 1, 16], "texture": "#0"},
				"east": {"uv": [0, 0, 16, 16], "texture": "#0"},
				"south": {"uv": [0, 0, 1, 16], "texture": "#0"},
				"west": {"uv": [0, 0, 16, 16], "texture": "#0"},
				"up": {"uv": [0, 0, 1, 16], "texture": "#0"},
				"down": {"uv": [0, 0, 1, 16], "texture": "#0"}
			}
		},
		{
			"name": "octagon",
			"from": [7.51, 17, 6.55025],
			"to": [8.51, 18, 9.44975],
			"rotation": {"angle": 45, "axis": "x", "origin": [8, 14.5, 8]},
			"faces": {
				"north": {"uv": [0, 0, 1, 16], "texture": "#0"},
				"east": {"uv": [0, 0, 16, 16], "texture": "#0"},
				"south": {"uv": [0, 0, 1, 16], "texture": "#0"},
				"west": {"uv": [0, 0, 16, 16], "texture": "#0"},
				"up": {"uv": [0, 0, 1, 16], "texture": "#0"},
				"down": {"uv": [0, 0, 1, 16], "texture": "#0"}
			}
		},
		{
			"name": "octagon",
			"from": [7.5, 17, 6.55025],
			"to": [8.5, 18, 9.44975],
			"rotation": {"angle": 0, "axis": "x", "origin": [8, 14.5, 8]},
			"faces": {
				"north": {"uv": [0, 0, 1, 16], "texture": "#0"},
				"east": {"uv": [0, 0, 16, 16], "texture": "#0"},
				"south": {"uv": [0, 0, 1, 16], "texture": "#0"},
				"west": {"uv": [0, 0, 16, 16], "texture": "#0"},
				"up": {"uv": [0, 0, 1, 16], "texture": "#0"},
				"down": {"uv": [0, 0, 1, 16], "texture": "#0"}
			}
		},
		{
			"name": "bar",
			"from": [7.9, 13, 7.75],
			"to": [8.1, 16.5, 7.9],
			"rotation": {"angle": 0, "axis": "y", "origin": [8, 2.5, 8.1]},
			"faces": {
				"north": {"uv": [1, 0, 2, 1], "texture": "#4"},
				"east": {"uv": [1, 0, 2, 1], "texture": "#4"},
				"south": {"uv": [1, 0, 2, 1], "texture": "#4"},
				"west": {"uv": [1, 0, 2, 1], "texture": "#4"},
				"up": {"uv": [1, 0, 2, 1], "texture": "#4"},
				"down": {"uv": [1, 0, 2, 1], "texture": "#4"}
			}
		},
		{
			"name": "bar",
			"from": [7.9, 13, 8.15],
			"to": [8.1, 16.5, 8.3],
			"rotation": {"angle": 0, "axis": "y", "origin": [8, 2.5, 8.1]},
			"faces": {
				"north": {"uv": [1, 0, 2, 1], "texture": "#4"},
				"east": {"uv": [1, 0, 2, 1], "texture": "#4"},
				"south": {"uv": [1, 0, 2, 1], "texture": "#4"},
				"west": {"uv": [1, 0, 2, 1], "texture": "#4"},
				"up": {"uv": [1, 0, 2, 1], "texture": "#4"},
				"down": {"uv": [1, 0, 2, 1], "texture": "#4"}
			}
		},
		{
			"name": "top",
			"from": [7.75, 15.6, 7.25],
			"to": [8.25, 16, 8.75],
			"rotation": {"angle": 0, "axis": "y", "origin": [8, 2.5, 8.1]},
			"faces": {
				"north": {"uv": [0, 0, 0.5, 0.5], "texture": "#4"},
				"east": {"uv": [0, 0, 0.5, 0.5], "texture": "#4"},
				"south": {"uv": [0, 0, 0.5, 0.5], "texture": "#4"},
				"west": {"uv": [0, 0, 0.5, 0.5], "texture": "#4"},
				"up": {"uv": [0, 0, 0.5, 0.5], "texture": "#4"},
				"down": {"uv": [0, 0, 0.5, 0.5], "texture": "#4"}
			}
		},
		{
			"name": "angle",
			"from": [7.75, 15.03063, 7.85283],
			"to": [8.25, 15.78063, 8.35283],
			"rotation": {"angle": 22.5, "axis": "x", "origin": [8, 17.40563, 8.10283]},
			"faces": {
				"north": {"uv": [0, 0, 0.5, 0.5], "texture": "#4"},
				"east": {"uv": [0, 0, 0.5, 0.5], "texture": "#4"},
				"south": {"uv": [0, 0, 0.5, 0.5], "texture": "#4"},
				"west": {"uv": [0, 0, 0.5, 0.5], "texture": "#4"},
				"up": {"uv": [0, 0, 0.5, 0.5], "texture": "#4"},
				"down": {"uv": [0, 0, 0.5, 0], "rotation": 180, "texture": "#4"}
			}
		},
		{
			"name": "angle",
			"from": [7.75, 14.18025, 9.33014],
			"to": [8.25, 14.93025, 9.83014],
			"rotation": {"angle": 22.5, "axis": "x", "origin": [8, 16.55525, 7.58014]},
			"faces": {
				"north": {"uv": [0, 0, 0.5, 0.5], "texture": "#4"},
				"east": {"uv": [0, 0, 0.5, 0.5], "texture": "#4"},
				"south": {"uv": [0, 0, 0.5, 0.5], "texture": "#4"},
				"west": {"uv": [0, 0, 0.5, 0.5], "texture": "#4"},
				"up": {"uv": [0, 0, 0.5, 0.5], "texture": "#4"},
				"down": {"uv": [0, 0, 0.5, 0], "rotation": 180, "texture": "#4"}
			}
		},
		{
			"name": "angle",
			"from": [7.75, 14.68131, 7.08746],
			"to": [8.25, 15.43131, 7.58746],
			"rotation": {"angle": -22.5, "axis": "x", "origin": [8, 15.05631, 7.33746]},
			"faces": {
				"north": {"uv": [0, 0, 0.5, 0.5], "texture": "#4"},
				"east": {"uv": [0, 0, 0.5, 0.5], "texture": "#4"},
				"south": {"uv": [0, 0, 0.5, 0.5], "texture": "#4"},
				"west": {"uv": [0, 0, 0.5, 0.5], "texture": "#4"},
				"up": {"uv": [0, 0, 0.5, 0.5], "texture": "#4"},
				"down": {"uv": [0, 0, 0.5, 0], "rotation": 180, "texture": "#4"}
			}
		},
		{
			"name": "angle",
			"from": [7.75, 13.30333, 8.56478],
			"to": [8.25, 14.05333, 9.06478],
			"rotation": {"angle": -22.5, "axis": "x", "origin": [8, 13.67833, 6.81478]},
			"faces": {
				"north": {"uv": [0, 0, 0.5, 0.5], "texture": "#4"},
				"east": {"uv": [0, 0, 0.5, 0.5], "texture": "#4"},
				"south": {"uv": [0, 0, 0.5, 0.5], "texture": "#4"},
				"west": {"uv": [0, 0, 0.5, 0.5], "texture": "#4"},
				"up": {"uv": [0, 0, 0.5, 0.5], "texture": "#4"},
				"down": {"uv": [0, 0, 0.5, 0], "rotation": 180, "texture": "#4"}
			}
		},
		{
			"name": "middle",
			"from": [7.75, 14.6, 7.25],
			"to": [8.25, 14.9, 8.75],
			"rotation": {"angle": 0, "axis": "y", "origin": [8, 2.5, 8.1]},
			"faces": {
				"north": {"uv": [0, 0, 0.5, 0.5], "texture": "#4"},
				"east": {"uv": [0, 0, 0.5, 0.5], "texture": "#4"},
				"south": {"uv": [0, 0, 0.5, 0.5], "texture": "#4"},
				"west": {"uv": [0, 0, 0.5, 0.5], "texture": "#4"},
				"up": {"uv": [0, 0, 0.5, 0.5], "texture": "#4"},
				"down": {"uv": [0, 0, 0.5, 0.5], "texture": "#4"}
			}
		},
		{
			"name": "bottom",
			"from": [7.75, 13.5, 7.25],
			"to": [8.25, 13.9, 8.75],
			"rotation": {"angle": 0, "axis": "y", "origin": [8, 2.5, 8.1]},
			"faces": {
				"north": {"uv": [0, 0, 0.5, 0.5], "texture": "#4"},
				"east": {"uv": [0, 0, 0.5, 0.5], "texture": "#4"},
				"south": {"uv": [0, 0, 0.5, 0.5], "texture": "#4"},
				"west": {"uv": [0, 0, 0.5, 0.5], "texture": "#4"},
				"up": {"uv": [0, 0, 0.5, 0.5], "texture": "#4"},
				"down": {"uv": [0, 0, 0.5, 0.5], "texture": "#4"}
			}
		}
	],
	"display": {
		"thirdperson_righthand": {
			"rotation": [0, 49, 0],
			"translation": [0, 6.75, 1],
			"scale": [0.5, 0.75, 0.75]
		},
		"thirdperson_lefthand": {
			"rotation": [0, 49, 0],
			"translation": [0, 6.75, 1],
			"scale": [0.5, 0.75, 0.75]
		},
		"firstperson_righthand": {
			"rotation": [-9, 25, 0],
			"translation": [1, 1.25, 0],
			"scale": [0.58, 0.75, 0.75]
		},
		"firstperson_lefthand": {
			"rotation": [-9, -167, 0],
			"translation": [1, 1.25, 0],
			"scale": [0.58, 0.75, 0.75]
		},
		"ground": {
			"rotation": [31, 0, 38],
			"translation": [0, 3.5, 0],
			"scale": [0.75, 0.75, 0.75]
		},
		"gui": {
			"rotation": [-63.04, 47.62, 65.63],
			"translation": [-0.5, 0.75, 0],
			"scale": [0.75, 0.75, 0.75]
		},
		"head": {
			"rotation": [0, -90, 0],
			"translation": [0, 15.75, 0]
		},
		"fixed": {
			"rotation": [-82.97, -56.46, -83.1],
			"translation": [0.5, 1, -0.5],
			"scale": [0.75, 0.75, 0.75]
		}
	}
}