{
	"credit": "made by: brainsynder",
	"ambientocclusion": false,
	"textures": {
		"0": "blockbench/bs_horns",
		"1": "block/fire_0",
		"2": "blockbench/computer",
		"3": "block/lava_still"
	},
	"elements": [
		{
			"name": "1",
			"from": [1.95162, -1.39924, 2.2979],
			"to": [5.95162, 2.60076, 9.2979],
			"rotation": {"angle": 0, "axis": "x", "origin": [8, 3.80038, 6.94397]},
			"faces": {
				"north": {"uv": [0, 0, 0.5, 1.5], "rotation": 180, "texture": "#0"},
				"east": {"uv": [6.5, 3.5, 11, 5], "rotation": 180, "texture": "#0"},
				"south": {"uv": [2.5, 0, 3.5, 1.5], "rotation": 180, "texture": "#0"},
				"west": {"uv": [5.5, 0, 10, 1.5], "rotation": 180, "texture": "#0"},
				"up": {"uv": [1, 0, 2.5, 4.5], "texture": "#0"},
				"down": {"uv": [4, 7, 8, 11.5], "texture": "#0"}
			}
		},
		{
			"name": "1.1",
			"from": [2.95162, -2.39924, 3.2979],
			"to": [4.95162, -1.39924, 8.2979],
			"rotation": {"angle": 0, "axis": "x", "origin": [8, 3.80038, 6.94397]},
			"faces": {
				"north": {"uv": [0, 0, 1, 1], "rotation": 180, "texture": "#0"},
				"east": {"uv": [6, 6, 9.5, 7], "rotation": 180, "texture": "#0"},
				"south": {"uv": [0, 0, 0.5, 1], "rotation": 180, "texture": "#0"},
				"west": {"uv": [5.5, 0, 9, 1], "rotation": 180, "texture": "#0"},
				"up": {"uv": [0, 0, 2, 5], "texture": "#0"},
				"down": {"uv": [5.5, 7.5, 6.5, 11], "texture": "#0"}
			}
		},
		{
			"name": "2",
			"from": [0, 1.65413, 2.81371],
			"to": [4, 5.65413, 5.81371],
			"rotation": {"angle": -22.5, "axis": "x", "origin": [8, 3.80038, 6.94397]},
			"faces": {
				"north": {"uv": [4.5, 7, 7.5, 10], "rotation": 180, "texture": "#0"},
				"east": {"uv": [2, 0, 3.5, 3], "rotation": 180, "texture": "#0"},
				"south": {"uv": [1, 0, 2.5, 3], "rotation": 180, "texture": "#0"},
				"west": {"uv": [2, 0, 3.5, 3], "rotation": 180, "texture": "#0"},
				"up": {"uv": [0, 0, 3, 3], "texture": "#0"},
				"down": {"uv": [4.5, 7.5, 7.5, 11], "texture": "#0"}
			}
		},
		{
			"name": "3",
			"from": [1, 1.96881, 2.90502],
			"to": [4, 5.96881, 4.90502],
			"rotation": {"angle": 22.5, "axis": "x", "origin": [8, 3.80038, 6.94397]},
			"faces": {
				"north": {"uv": [4.5, 8.5, 7.5, 11.5], "rotation": 180, "texture": "#0"},
				"east": {"uv": [2, 0, 3.5, 3], "rotation": 180, "texture": "#0"},
				"south": {"uv": [1, 0, 2.5, 3], "rotation": 180, "texture": "#0"},
				"west": {"uv": [2, 0, 3.5, 3], "rotation": 180, "texture": "#0"},
				"up": {"uv": [3.5, 8, 5, 10], "texture": "#0"},
				"down": {"uv": [0, 0, 3, 2], "texture": "#0"}
			}
		},
		{
			"name": "4",
			"from": [2, 6.65413, 5.81371],
			"to": [4, 7.65413, 9.81371],
			"rotation": {"angle": -22.5, "axis": "x", "origin": [8, 3.80038, 6.94397]},
			"faces": {
				"north": {"uv": [0, 0, 2, 1], "rotation": 180, "texture": "#0"},
				"east": {"uv": [3.5, 1, 7.5, 2.5], "rotation": 180, "texture": "#0"},
				"south": {"uv": [10, 10, 12, 11], "rotation": 180, "texture": "#0"},
				"west": {"uv": [5.5, 0, 9.5, 1.5], "rotation": 180, "texture": "#0"},
				"up": {"uv": [0.5, 0, 3, 4], "texture": "#0"},
				"down": {"uv": [4.5, 7.5, 7.5, 11.5], "texture": "#0"}
			}
		},
		{
			"name": "5",
			"from": [1, 6.96881, 5.90502],
			"to": [3, 7.96881, 8.90502],
			"rotation": {"angle": 22.5, "axis": "x", "origin": [8, 3.80038, 6.94397]},
			"faces": {
				"north": {"uv": [0, 0, 2, 1], "rotation": 180, "texture": "#0"},
				"east": {"uv": [4.5, 3.5, 7, 4.5], "rotation": 180, "texture": "#0"},
				"south": {"uv": [10, 8.5, 12, 9.5], "rotation": 180, "texture": "#0"},
				"west": {"uv": [5, 0, 7.5, 1], "rotation": 180, "texture": "#0"},
				"up": {"uv": [1, 1.5, 2.5, 5], "texture": "#0"},
				"down": {"uv": [4.5, 7, 7.5, 9.5], "texture": "#0"}
			}
		},
		{
			"name": "6",
			"from": [0, 3.65413, 9.81371],
			"to": [1, 5.65413, 10.81371],
			"rotation": {"angle": -22.5, "axis": "x", "origin": [8, 3.80038, 6.94397]},
			"faces": {
				"north": {"uv": [0, 0.5, 1, 2.5], "rotation": 180, "texture": "#0"},
				"east": {"uv": [6, 0, 8, 1], "rotation": 90, "texture": "#0"},
				"south": {"uv": [11, 10.5, 12, 12.5], "texture": "#0"},
				"west": {"uv": [5.5, 0, 7.5, 1], "rotation": 270, "texture": "#0"},
				"up": {"uv": [13.5, 1.5, 14.5, 2.5], "texture": "#0"},
				"down": {"uv": [0, 0, 1, 1], "rotation": 180, "texture": "#0"}
			}
		},
		{
			"name": "2",
			"from": [10.04838, -1.39924, 2.2979],
			"to": [14.04838, 2.60076, 9.2979],
			"rotation": {"angle": 0, "axis": "x", "origin": [8, 3.80038, 6.94397]},
			"faces": {
				"north": {"uv": [0, 0, 0.5, 1.5], "rotation": 180, "texture": "#0"},
				"east": {"uv": [6.5, 3.5, 11, 5], "rotation": 180, "texture": "#0"},
				"south": {"uv": [2.5, 0, 3.5, 1.5], "rotation": 180, "texture": "#0"},
				"west": {"uv": [5.5, 0, 10, 1.5], "rotation": 180, "texture": "#0"},
				"up": {"uv": [1, 0, 2.5, 4.5], "texture": "#0"},
				"down": {"uv": [4, 7, 8, 11.5], "texture": "#0"}
			}
		},
		{
			"name": "2.2",
			"from": [11.04838, -2.39924, 3.2979],
			"to": [13.04838, -1.39924, 8.2979],
			"rotation": {"angle": 0, "axis": "x", "origin": [8, 3.80038, 6.94397]},
			"faces": {
				"north": {"uv": [0, 0, 1, 1], "rotation": 180, "texture": "#0"},
				"east": {"uv": [6, 6, 9.5, 7], "rotation": 180, "texture": "#0"},
				"south": {"uv": [0, 0, 0.5, 1], "rotation": 180, "texture": "#0"},
				"west": {"uv": [5.5, 0, 9, 1], "rotation": 180, "texture": "#0"},
				"up": {"uv": [0, 0, 2, 5], "texture": "#0"},
				"down": {"uv": [5.5, 7.5, 6.5, 11], "texture": "#0"}
			}
		},
		{
			"name": "3",
			"from": [12, 1.65413, 2.81371],
			"to": [16, 5.65413, 5.81371],
			"rotation": {"angle": -22.5, "axis": "x", "origin": [8, 3.80038, 6.94397]},
			"faces": {
				"north": {"uv": [4.5, 7, 7.5, 10], "rotation": 180, "texture": "#0"},
				"east": {"uv": [2, 0, 3.5, 3], "rotation": 180, "texture": "#0"},
				"south": {"uv": [1, 0, 2.5, 3], "rotation": 180, "texture": "#0"},
				"west": {"uv": [2, 0, 3.5, 3], "rotation": 180, "texture": "#0"},
				"up": {"uv": [0, 0, 3, 3], "texture": "#0"},
				"down": {"uv": [4.5, 7.5, 7.5, 11], "texture": "#0"}
			}
		},
		{
			"name": "4",
			"from": [12, 1.96881, 2.90502],
			"to": [15, 5.96881, 4.90502],
			"rotation": {"angle": 22.5, "axis": "x", "origin": [8, 3.80038, 6.94397]},
			"faces": {
				"north": {"uv": [4.5, 8.5, 7.5, 11.5], "rotation": 180, "texture": "#0"},
				"east": {"uv": [2, 0, 3.5, 3], "rotation": 180, "texture": "#0"},
				"south": {"uv": [1, 0, 2.5, 3], "rotation": 180, "texture": "#0"},
				"west": {"uv": [2, 0, 3.5, 3], "rotation": 180, "texture": "#0"},
				"up": {"uv": [3.5, 8, 5, 10], "texture": "#0"},
				"down": {"uv": [0, 0, 3, 2], "texture": "#0"}
			}
		},
		{
			"name": "5",
			"from": [12, 6.65413, 5.81371],
			"to": [14, 7.65413, 9.81371],
			"rotation": {"angle": -22.5, "axis": "x", "origin": [8, 3.80038, 6.94397]},
			"faces": {
				"north": {"uv": [0, 0, 2, 1], "rotation": 180, "texture": "#0"},
				"east": {"uv": [3.5, 1, 7.5, 2.5], "rotation": 180, "texture": "#0"},
				"south": {"uv": [10, 10, 12, 11], "rotation": 180, "texture": "#0"},
				"west": {"uv": [5.5, 0, 9.5, 1.5], "rotation": 180, "texture": "#0"},
				"up": {"uv": [0.5, 0, 3, 4], "texture": "#0"},
				"down": {"uv": [4.5, 7.5, 7.5, 11.5], "texture": "#0"}
			}
		},
		{
			"name": "6",
			"from": [13, 6.96881, 5.90502],
			"to": [15, 7.96881, 8.90502],
			"rotation": {"angle": 22.5, "axis": "x", "origin": [8, 3.80038, 6.94397]},
			"faces": {
				"north": {"uv": [0, 0, 2, 1], "rotation": 180, "texture": "#0"},
				"east": {"uv": [4.5, 3.5, 7, 4.5], "rotation": 180, "texture": "#0"},
				"south": {"uv": [10, 8.5, 12, 9.5], "rotation": 180, "texture": "#0"},
				"west": {"uv": [5, 0, 7.5, 1], "rotation": 180, "texture": "#0"},
				"up": {"uv": [1, 1.5, 2.5, 5], "texture": "#0"},
				"down": {"uv": [4.5, 7, 7.5, 9.5], "texture": "#0"}
			}
		},
		{
			"name": "7",
			"from": [15, 3.65413, 9.81371],
			"to": [16, 5.65413, 10.81371],
			"rotation": {"angle": -22.5, "axis": "x", "origin": [8, 3.80038, 6.94397]},
			"faces": {
				"north": {"uv": [0, 0.5, 1, 2.5], "rotation": 180, "texture": "#0"},
				"east": {"uv": [6, 0, 8, 1], "rotation": 90, "texture": "#0"},
				"south": {"uv": [11, 10.5, 12, 12.5], "texture": "#0"},
				"west": {"uv": [5.5, 0, 7.5, 1], "rotation": 270, "texture": "#0"},
				"up": {"uv": [13.5, 1.5, 14.5, 2.5], "texture": "#0"},
				"down": {"uv": [0, 0, 1, 1], "rotation": 180, "texture": "#0"}
			}
		},
		{
			"from": [6, 5, 6],
			"to": [10, 9, 10],
			"faces": {
				"north": {"uv": [2, 2, 4, 4], "texture": "#2"},
				"east": {"uv": [0, 2, 2, 4], "texture": "#2"},
				"south": {"uv": [4, 0, 6, 2], "texture": "#2"},
				"west": {"uv": [4, 2, 6, 4], "texture": "#2"},
				"up": {"uv": [2, 0, 4, 2], "rotation": 180, "texture": "#2"},
				"down": {"uv": [2, 0, 4, 2], "texture": "#2"}
			}
		},
		{
			"name": "fire",
			"from": [6, 5, 6],
			"to": [10, 9, 10],
			"faces": {
				"north": {"uv": [1, 0, 15, 13], "texture": "#1"},
				"east": {"uv": [1, 0, 15, 13], "texture": "#1"},
				"south": {"uv": [1, 0, 15, 13], "texture": "#1"},
				"west": {"uv": [1, 0, 15, 13], "texture": "#1"},
				"up": {"uv": [0, 0, 4, 4], "texture": "#1"},
				"down": {"uv": [0, 0, 4, 4], "texture": "#3"}
			}
		}
	],
	"display": {
		"thirdperson_righthand": {
			"rotation": [-180, 0, 0],
			"translation": [0, -0.25, 0],
			"scale": [0.375, 0.375, 0.375]
		},
		"thirdperson_lefthand": {
			"rotation": [-180, 0, 0],
			"translation": [0, -0.25, 0],
			"scale": [0.375, 0.375, 0.375]
		},
		"firstperson_righthand": {
			"rotation": [0, 45, 0],
			"translation": [0, 4.75, 0],
			"scale": [0.4, 0.4, 0.4]
		},
		"firstperson_lefthand": {
			"rotation": [0, 45, 0],
			"translation": [0, 4.75, 0],
			"scale": [0.4, 0.4, 0.4]
		},
		"ground": {
			"translation": [0, 2, 0],
			"scale": [0.5, 0.5, 0.5]
		},
		"gui": {
			"rotation": [23, 143, 0],
			"translation": [0.25, 1.75, 0],
			"scale": [0.9, 0.9, 0.9]
		},
		"head": {
			"translation": [0, 16, -3],
			"scale": [1.5, 1.5, 1.5]
		},
		"fixed": {
			"rotation": [155, 0, 0],
			"translation": [0.75, -2.75, -4.5],
			"scale": [1.5, 1.5, 1.5]
		}
	}
}