{
	"credit": "made by: brainsynder",
	"ambientocclusion": false,
	"textures": {
		"0": "blockbench/frog",
		"texture": "blockbench/lily_pad"
	},
	"elements": [
		{
			"from": [3, 0, 1],
			"to": [6, 1, 2],
			"faces": {
				"north": {"uv": [4, 1, 7, 2], "texture": "#texture"},
				"east": {"uv": [4, 1, 7, 2], "texture": "#texture"},
				"south": {"uv": [4, 1, 7, 2], "texture": "#texture"},
				"west": {"uv": [4, 1, 7, 2], "texture": "#texture"},
				"up": {"uv": [4, 1, 7, 2], "texture": "#texture"},
				"down": {"uv": [4, 1, 7, 2], "texture": "#texture"}
			}
		},
		{
			"from": [9, 0, 1],
			"to": [12, 1, 2],
			"faces": {
				"north": {"uv": [10, 1, 13, 2], "texture": "#texture"},
				"east": {"uv": [12, 1, 13, 2], "texture": "#texture"},
				"south": {"uv": [10, 1, 13, 2], "texture": "#texture"},
				"west": {"uv": [10, 1, 11, 2], "texture": "#texture"},
				"up": {"uv": [10, 1, 13, 2], "texture": "#texture"},
				"down": {"uv": [10, 1, 13, 2], "texture": "#texture"}
			}
		},
		{
			"from": [2, 0, 5],
			"to": [13, 1, 13],
			"faces": {
				"north": {"uv": [3, 5, 14, 6], "texture": "#texture"},
				"east": {"uv": [13, 5, 14, 13], "rotation": 90, "texture": "#texture"},
				"south": {"uv": [3, 12, 14, 13], "texture": "#texture"},
				"west": {"uv": [3, 5, 4, 13], "rotation": 270, "texture": "#texture"},
				"up": {"uv": [3, 5, 14, 13], "texture": "#texture"},
				"down": {"uv": [3, 5, 14, 13], "rotation": 180, "texture": "#texture"}
			}
		},
		{
			"from": [2, 0, 2],
			"to": [6, 1, 5],
			"faces": {
				"north": {"uv": [3, 2, 4, 3], "texture": "#texture"},
				"east": {"uv": [3, 2, 4, 3], "texture": "#texture"},
				"south": {"uv": [3, 2, 4, 3], "texture": "#texture"},
				"west": {"uv": [3, 2, 4, 4], "texture": "#texture"},
				"up": {"uv": [3, 2, 7, 5], "texture": "#texture"},
				"down": {"uv": [3, 2, 7, 5], "rotation": 180, "texture": "#texture"}
			}
		},
		{
			"from": [9, 0, 2],
			"to": [13, 1, 5],
			"faces": {
				"north": {"uv": [10, 2, 14, 3], "texture": "#texture"},
				"east": {"uv": [13, 2, 14, 5], "rotation": 90, "texture": "#texture"},
				"south": {"uv": [0, 0, 4, 1], "texture": "#texture"},
				"west": {"uv": [10, 2, 13, 3], "texture": "#texture"},
				"up": {"uv": [10, 2, 14, 5], "texture": "#texture"},
				"down": {"uv": [10, 2, 14, 5], "rotation": 180, "texture": "#texture"}
			}
		},
		{
			"from": [1, 0, 4],
			"to": [2, 1, 11],
			"faces": {
				"north": {"uv": [2, 4, 3, 11], "texture": "#texture"},
				"east": {"uv": [2, 4, 3, 11], "texture": "#texture"},
				"south": {"uv": [2, 4, 3, 11], "texture": "#texture"},
				"west": {"uv": [2, 4, 3, 11], "texture": "#texture"},
				"up": {"uv": [2, 4, 3, 11], "texture": "#texture"},
				"down": {"uv": [3, 4, 2, 11], "rotation": 180, "texture": "#texture"}
			}
		},
		{
			"from": [13, 0, 4],
			"to": [14, 1, 11],
			"faces": {
				"north": {"uv": [14, 4, 15, 5], "texture": "#texture"},
				"east": {"uv": [14, 4, 15, 11], "texture": "#texture"},
				"south": {"uv": [14, 10, 15, 11], "texture": "#texture"},
				"west": {"uv": [14, 4, 15, 11], "texture": "#texture"},
				"up": {"uv": [14, 4, 15, 11], "texture": "#texture"},
				"down": {"uv": [14, 4, 15, 11], "texture": "#texture"}
			}
		},
		{
			"from": [6, 0, 3],
			"to": [7, 1, 5],
			"faces": {
				"north": {"uv": [7, 3, 8, 4], "texture": "#texture"},
				"east": {"uv": [7, 3, 8, 5], "texture": "#texture"},
				"south": {"uv": [7, 4, 8, 5], "texture": "#texture"},
				"west": {"uv": [7, 3, 8, 5], "texture": "#texture"},
				"up": {"uv": [7, 3, 8, 5], "texture": "#texture"},
				"down": {"uv": [7, 3, 8, 5], "texture": "#texture"}
			}
		},
		{
			"from": [8, 0, 3],
			"to": [9, 1, 5],
			"faces": {
				"north": {"uv": [9, 3, 10, 4], "texture": "#texture"},
				"east": {"uv": [9, 3, 10, 5], "texture": "#texture"},
				"south": {"uv": [9, 4, 10, 5], "texture": "#texture"},
				"west": {"uv": [9, 3, 10, 5], "texture": "#texture"},
				"up": {"uv": [9, 3, 10, 5], "texture": "#texture"},
				"down": {"uv": [9, 3, 10, 5], "texture": "#texture"}
			}
		},
		{
			"from": [3, 0, 13],
			"to": [12, 1, 14],
			"faces": {
				"north": {"uv": [4, 13, 13, 14], "texture": "#texture"},
				"east": {"uv": [12, 13, 13, 14], "texture": "#texture"},
				"south": {"uv": [4, 13, 13, 14], "texture": "#texture"},
				"west": {"uv": [4, 13, 5, 14], "texture": "#texture"},
				"up": {"uv": [4, 13, 13, 14], "texture": "#texture"},
				"down": {"uv": [4, 13, 13, 14], "texture": "#texture"}
			}
		},
		{
			"from": [5, 0, 14],
			"to": [10, 1, 15],
			"faces": {
				"north": {"uv": [6, 14, 11, 15], "texture": "#texture"},
				"east": {"uv": [10, 14, 11, 15], "texture": "#texture"},
				"south": {"uv": [6, 14, 11, 15], "texture": "#texture"},
				"west": {"uv": [6, 14, 7, 15], "texture": "#texture"},
				"up": {"uv": [6, 14, 11, 15], "texture": "#texture"},
				"down": {"uv": [6, 14, 11, 15], "texture": "#texture"}
			}
		},
		{
			"name": "body",
			"from": [4, 2.1, 3],
			"to": [11, 5.1, 12],
			"faces": {
				"north": {"uv": [2.25, 10.5, 4, 12], "texture": "#0"},
				"east": {"uv": [0, 10.5, 2.25, 12], "texture": "#0"},
				"south": {"uv": [6.25, 10.5, 8, 12], "texture": "#0"},
				"west": {"uv": [4, 10.5, 6.25, 12], "texture": "#0"},
				"up": {"uv": [4, 10.5, 2.25, 6], "texture": "#0"},
				"down": {"uv": [5.75, 6, 4, 10.5], "texture": "#0"}
			}
		},
		{
			"name": "body",
			"from": [4, 4.11, 3],
			"to": [11, 4.11, 12],
			"faces": {
				"north": {"uv": [8, 13.5, 9.75, 13.5], "texture": "#0"},
				"east": {"uv": [5.75, 13.5, 8, 13.5], "texture": "#0"},
				"south": {"uv": [12, 13.5, 13.75, 13.5], "texture": "#0"},
				"west": {"uv": [9.75, 13.5, 12, 13.5], "texture": "#0"},
				"up": {"uv": [9.75, 13.5, 8, 9], "texture": "#0"},
				"down": {"uv": [11.5, 9, 9.75, 13.5], "texture": "#0"}
			}
		},
		{
			"name": "mouth",
			"from": [4, 4.1, 3],
			"to": [11, 7.1, 12],
			"faces": {
				"north": {"uv": [2.25, 4.5, 4, 6], "texture": "#0"},
				"east": {"uv": [0, 4.5, 2.25, 6], "texture": "#0"},
				"south": {"uv": [6.25, 4.5, 8, 6], "texture": "#0"},
				"west": {"uv": [4, 4.5, 6.25, 6], "texture": "#0"},
				"up": {"uv": [4, 4.5, 2.25, 0], "texture": "#0"},
				"down": {"uv": [5.75, 0, 4, 4.5], "texture": "#0"}
			}
		},
		{
			"name": "mouth",
			"from": [4, 6.1, 3],
			"to": [11, 6.1, 12],
			"faces": {
				"north": {"uv": [8, 13.5, 9.75, 13.5], "texture": "#0"},
				"east": {"uv": [5.75, 13.5, 8, 13.5], "texture": "#0"},
				"south": {"uv": [12, 13.5, 13.75, 13.5], "texture": "#0"},
				"west": {"uv": [9.75, 13.5, 12, 13.5], "texture": "#0"},
				"up": {"uv": [9.75, 13.5, 8, 9], "texture": "#0"},
				"down": {"uv": [11.5, 9, 9.75, 13.5], "texture": "#0"}
			}
		},
		{
			"name": "mouth",
			"from": [4, 7.1, 4],
			"to": [7, 9.1, 7],
			"faces": {
				"north": {"uv": [6.5, 8, 7.25, 9], "texture": "#0"},
				"east": {"uv": [5.75, 8, 6.5, 9], "texture": "#0"},
				"south": {"uv": [8, 8, 8.75, 9], "texture": "#0"},
				"west": {"uv": [7.25, 8, 8, 9], "texture": "#0"},
				"up": {"uv": [7.25, 8, 6.5, 6.5], "texture": "#0"},
				"down": {"uv": [8, 6.5, 7.25, 8], "texture": "#0"}
			}
		},
		{
			"name": "mouth",
			"from": [8, 7.1, 4],
			"to": [11, 9.1, 7],
			"faces": {
				"north": {"uv": [9.5, 8, 10.25, 9], "texture": "#0"},
				"east": {"uv": [8.75, 8, 9.5, 9], "texture": "#0"},
				"south": {"uv": [11, 8, 11.75, 9], "texture": "#0"},
				"west": {"uv": [10.25, 8, 11, 9], "texture": "#0"},
				"up": {"uv": [10.25, 8, 9.5, 6.5], "texture": "#0"},
				"down": {"uv": [11, 6.5, 10.25, 8], "texture": "#0"}
			}
		},
		{
			"name": "tongue",
			"from": [5.5, 4.35, 4],
			"to": [9.5, 4.35, 12],
			"faces": {
				"north": {"uv": [0, 16, 1, 16], "texture": "#0"},
				"east": {"uv": [-2, 16, 0, 16], "texture": "#0"},
				"south": {"uv": [3, 16, 4, 16], "texture": "#0"},
				"west": {"uv": [1, 16, 3, 16], "texture": "#0"},
				"up": {"uv": [1, 16, 0, 12], "texture": "#0"},
				"down": {"uv": [2, 12, 1, 16], "texture": "#0"}
			}
		},
		{
			"name": "sac",
			"from": [4.1, 2.45, 3.1],
			"to": [10.9, 4.25, 5.9],
			"faces": {
				"north": {"uv": [2.75, 13.5, 4.5, 14.5], "texture": "#0"},
				"east": {"uv": [2, 13.5, 2.75, 14.5], "texture": "#0"},
				"south": {"uv": [5.25, 13.5, 7, 14.5], "texture": "#0"},
				"west": {"uv": [4.5, 13.5, 5.25, 14.5], "texture": "#0"},
				"up": {"uv": [4.5, 13.5, 2.75, 12], "texture": "#0"},
				"down": {"uv": [6.25, 12, 4.5, 13.5], "texture": "#0"}
			}
		},
		{
			"name": "front_left_leg",
			"from": [2.5, 1.1, 3.5],
			"to": [4.5, 4.1, 6.5],
			"faces": {
				"north": {"uv": [8.75, 5, 9.25, 6.5], "texture": "#0"},
				"east": {"uv": [8, 5, 8.75, 6.5], "texture": "#0"},
				"south": {"uv": [10, 5, 10.5, 6.5], "texture": "#0"},
				"west": {"uv": [9.25, 5, 10, 6.5], "texture": "#0"},
				"up": {"uv": [9.25, 5, 8.75, 3.5], "texture": "#0"},
				"down": {"uv": [9.75, 3.5, 9.25, 5], "texture": "#0"}
			}
		},
		{
			"name": "front_left_leg",
			"from": [2.5, 1.1, 1.5],
			"to": [6.5, 1.1, 5.5],
			"faces": {
				"north": {"uv": [0, 2, 1, 2], "texture": "#0"},
				"east": {"uv": [-1, 2, 0, 2], "texture": "#0"},
				"south": {"uv": [2, 2, 3, 2], "texture": "#0"},
				"west": {"uv": [1, 2, 2, 2], "texture": "#0"},
				"up": {"uv": [1, 2, 0, 0], "texture": "#0"},
				"down": {"uv": [2, 0, 1, 2], "texture": "#0"}
			}
		},
		{
			"name": "front_right_leg_sub_0",
			"from": [10.5, 1.1, 3.5],
			"to": [12.5, 4.1, 6.5],
			"shade": false,
			"faces": {
				"north": {"uv": [11.75, 5, 11.25, 6.5], "texture": "#0"},
				"east": {"uv": [12.5, 5, 11.75, 6.5], "texture": "#0"},
				"south": {"uv": [13, 5, 12.5, 6.5], "texture": "#0"},
				"west": {"uv": [11.25, 5, 10.5, 6.5], "texture": "#0"},
				"up": {"uv": [11.25, 5, 11.75, 3.5], "texture": "#0"},
				"down": {"uv": [11.75, 3.5, 12.25, 5], "texture": "#0"}
			}
		},
		{
			"name": "front_right_leg_sub_0",
			"from": [8.5, 1.1, 1.5],
			"to": [12.5, 1.1, 5.5],
			"shade": false,
			"faces": {
				"north": {"uv": [1, 4, 0, 4], "texture": "#0"},
				"east": {"uv": [2, 4, 1, 4], "texture": "#0"},
				"south": {"uv": [3, 4, 2, 4], "texture": "#0"},
				"west": {"uv": [0, 4, -1, 4], "texture": "#0"},
				"up": {"uv": [0, 4, 1, 2], "texture": "#0"},
				"down": {"uv": [1, 2, 2, 4], "texture": "#0"}
			}
		},
		{
			"name": "back_left_leg",
			"from": [2, 1.1, 9],
			"to": [5, 4.1, 13],
			"faces": {
				"north": {"uv": [6.75, 2, 7.5, 3.5], "texture": "#0"},
				"east": {"uv": [5.75, 2, 6.75, 3.5], "texture": "#0"},
				"south": {"uv": [8.5, 2, 9.25, 3.5], "texture": "#0"},
				"west": {"uv": [7.5, 2, 8.5, 3.5], "texture": "#0"},
				"up": {"uv": [7.5, 2, 6.75, 0], "texture": "#0"},
				"down": {"uv": [8.25, 0, 7.5, 2], "texture": "#0"}
			}
		},
		{
			"name": "back_left_leg",
			"from": [0, 1.1, 8],
			"to": [3, 1.1, 12],
			"faces": {
				"north": {"uv": [0, 8, 0.75, 8], "texture": "#0"},
				"east": {"uv": [-1, 8, 0, 8], "texture": "#0"},
				"south": {"uv": [1.75, 8, 2.5, 8], "texture": "#0"},
				"west": {"uv": [0.75, 8, 1.75, 8], "texture": "#0"},
				"up": {"uv": [0.75, 8, 0, 6], "texture": "#0"},
				"down": {"uv": [1.5, 6, 0.75, 8], "texture": "#0"}
			}
		},
		{
			"name": "back_right_leg_sub_0",
			"from": [10, 1.1, 9],
			"to": [13, 4.1, 13],
			"shade": false,
			"faces": {
				"north": {"uv": [11, 2, 10.25, 3.5], "texture": "#0"},
				"east": {"uv": [12, 2, 11, 3.5], "texture": "#0"},
				"south": {"uv": [12.75, 2, 12, 3.5], "texture": "#0"},
				"west": {"uv": [10.25, 2, 9.25, 3.5], "texture": "#0"},
				"up": {"uv": [10.25, 2, 11, 0], "texture": "#0"},
				"down": {"uv": [11, 0, 11.75, 2], "texture": "#0"}
			}
		},
		{
			"name": "back_right_leg_sub_0",
			"from": [12, 1.1, 8],
			"to": [15, 1.1, 12],
			"shade": false,
			"faces": {
				"north": {"uv": [0.75, 10, 0, 10], "texture": "#0"},
				"east": {"uv": [1.75, 10, 0.75, 10], "texture": "#0"},
				"south": {"uv": [2.5, 10, 1.75, 10], "texture": "#0"},
				"west": {"uv": [0, 10, -1, 10], "texture": "#0"},
				"up": {"uv": [0, 10, 0.75, 8], "texture": "#0"},
				"down": {"uv": [0.75, 8, 1.5, 10], "texture": "#0"}
			}
		}
	],
	"display": {
		"thirdperson_righthand": {
			"rotation": [0, 45, 0],
			"translation": [0, 3, -0.25],
			"scale": [0.375, 0.375, 0.375]
		},
		"firstperson_righthand": {
			"rotation": [0, 121, 0],
			"translation": [0, 4.75, 0],
			"scale": [0.4, 0.4, 0.4]
		},
		"firstperson_lefthand": {
			"rotation": [0, 121, 0],
			"translation": [0, 4.75, 0],
			"scale": [0.4, 0.4, 0.4]
		},
		"ground": {
			"translation": [0, 5, 0],
			"scale": [0.5, 0.5, 0.5]
		},
		"gui": {
			"rotation": [30, 225, 0],
			"translation": [0, 3.25, 0],
			"scale": [0.8, 0.8, 0.8]
		},
		"head": {
			"translation": [0.5, 14.75, -0.25]
		},
		"fixed": {
			"rotation": [-90, 0, 0],
			"translation": [0, 0, -12],
			"scale": [1.5, 1.5, 1.5]
		}
	}
}