{
	"credit": "made by: brainsynder",
	"ambientocclusion": false,
	"textures": {
		"0": "block/blue_concrete",
		"1": "block/brown_mushroom_block",
		"2": "block/green_concrete",
		"3": "block/red_concrete",
		"4": "block/quartz_block_side",
		"particle": "block/blue_concrete"
	},
	"elements": [
		{
			"name": "base",
			"from": [4.5, 0, 4.6],
			"to": [11.5, 8, 11.6],
			"faces": {
				"north": {"uv": [0, 0, 7, 8], "texture": "#1"},
				"east": {"uv": [0, 0, 7, 8], "texture": "#1"},
				"south": {"uv": [0, 0, 7, 8], "texture": "#1"},
				"west": {"uv": [0, 0, 7, 8], "texture": "#1"},
				"up": {"uv": [0, 0, 7, 7], "texture": "#1"},
				"down": {"uv": [0, 0, 7, 7], "texture": "#1"}
			}
		},
		{
			"name": "below lid",
			"from": [4.75, 8, 4.85],
			"to": [11.25, 8.25, 11.35],
			"faces": {
				"north": {"uv": [0, 0, 6.5, 0.25], "texture": "#1"},
				"east": {"uv": [0, 0, 6.5, 0.25], "texture": "#1"},
				"south": {"uv": [0, 0, 6.5, 0.25], "texture": "#1"},
				"west": {"uv": [0, 0, 6.5, 0.25], "texture": "#1"},
				"up": {"uv": [0, 0, 6.5, 6.5], "texture": "#1"},
				"down": {"uv": [0, 0, 6.5, 6.5], "texture": "#1"}
			}
		},
		{
			"name": "lid",
			"from": [4.5, 8.25, 4.6],
			"to": [11.5, 9.25, 11.6],
			"faces": {
				"north": {"uv": [0, 0, 7, 1], "texture": "#3"},
				"east": {"uv": [0, 0, 7, 1], "texture": "#3"},
				"south": {"uv": [0, 0, 7, 1], "texture": "#3"},
				"west": {"uv": [0, 0, 7, 1], "texture": "#3"},
				"up": {"uv": [0, 0, 7, 7], "texture": "#3"},
				"down": {"uv": [0, 0, 7, 7], "texture": "#3"}
			}
		},
		{
			"name": "red",
			"from": [9.35, 1.6, 4.55],
			"to": [11.55, 6.6, 11.65],
			"faces": {
				"north": {"uv": [0, 0, 1.8, 5], "texture": "#3"},
				"east": {"uv": [0, 0, 7.1, 5], "texture": "#3"},
				"south": {"uv": [0, 0, 1.8, 5], "texture": "#3"},
				"west": {"uv": [0, 0, 7.1, 5], "texture": "#3"},
				"up": {"uv": [0, 0, 1.8, 7.1], "texture": "#3"},
				"down": {"uv": [0, 0, 1.8, 7.1], "texture": "#3"}
			}
		},
		{
			"name": "blue",
			"from": [6.65, 1.6, 4.55],
			"to": [9.35, 6.6, 11.65],
			"faces": {
				"north": {"uv": [0, 0, 1.8, 5], "texture": "#0"},
				"east": {"uv": [0, 0, 7.1, 5], "texture": "#0"},
				"south": {"uv": [0, 0, 1.8, 5], "texture": "#0"},
				"west": {"uv": [0, 0, 7.1, 5], "texture": "#0"},
				"up": {"uv": [0, 0, 1.8, 7.1], "texture": "#0"},
				"down": {"uv": [0, 0, 1.8, 7.1], "texture": "#0"}
			}
		},
		{
			"name": "green",
			"from": [4.45, 1.6, 4.55],
			"to": [6.65, 6.6, 11.65],
			"faces": {
				"north": {"uv": [0, 0, 1.8, 5], "texture": "#2"},
				"east": {"uv": [0, 0, 7.1, 5], "texture": "#2"},
				"south": {"uv": [0, 0, 1.8, 5], "texture": "#2"},
				"west": {"uv": [0, 0, 7.1, 5], "texture": "#2"},
				"up": {"uv": [0, 0, 1.8, 7.1], "texture": "#2"},
				"down": {"uv": [0, 0, 1.8, 7.1], "texture": "#2"}
			}
		},
		{
			"from": [9.05, 3.45, 4.5],
			"to": [9.5, 5.65, 5],
			"rotation": {"angle": 0, "axis": "z", "origin": [-0.7, 0, 0]},
			"faces": {
				"north": {"uv": [0, 0, 0.25, 1.75], "texture": "#4"},
				"east": {"uv": [0, 0, 0.5, 1.75], "texture": "#4"},
				"south": {"uv": [0, 0, 0.25, 1.75], "texture": "#4"},
				"west": {"uv": [0, 0, 0.5, 1.75], "texture": "#4"},
				"up": {"uv": [0, 0, 0.25, 0.5], "texture": "#4"},
				"down": {"uv": [0, 0, 0.25, 0.5], "texture": "#4"}
			}
		},
		{
			"from": [9.23159, 3.01161, 4.5],
			"to": [9.68159, 3.71161, 5],
			"rotation": {"angle": 45, "axis": "z", "origin": [9.45659, 3.36161, 4.75]},
			"faces": {
				"north": {"uv": [0, 0, 0.25, 1.75], "texture": "#4"},
				"east": {"uv": [0, 0, 0.5, 1.75], "texture": "#4"},
				"south": {"uv": [0, 0, 0.25, 1.75], "texture": "#4"},
				"west": {"uv": [0, 0, 0.5, 1.75], "texture": "#4"},
				"up": {"uv": [0, 0, 0.25, 0.5], "texture": "#4"},
				"down": {"uv": [0, 0, 0.25, 0.5], "texture": "#4"}
			}
		},
		{
			"from": [9.54497, 2.95503, 4.5],
			"to": [10.14497, 3.40503, 5],
			"rotation": {"angle": 0, "axis": "z", "origin": [9.89497, 3.18003, 4.75]},
			"faces": {
				"north": {"uv": [0, 0, 0.25, 1.75], "rotation": 90, "texture": "#4"},
				"east": {"uv": [0, 0, 0.25, 0.5], "rotation": 270, "texture": "#4"},
				"south": {"uv": [0, 0, 0.25, 1.75], "rotation": 270, "texture": "#4"},
				"west": {"uv": [0, 0, 0.25, 0.5], "rotation": 270, "texture": "#4"},
				"up": {"uv": [0, 0, 0.5, 1.75], "rotation": 270, "texture": "#4"},
				"down": {"uv": [0, 0, 0.5, 1.75], "rotation": 270, "texture": "#4"}
			}
		},
		{
			"from": [9.89801, 3.10126, 4.5],
			"to": [10.49801, 3.55126, 5],
			"rotation": {"angle": 45, "axis": "z", "origin": [10.19801, 3.32626, 4.75]},
			"faces": {
				"north": {"uv": [0, 0, 0.25, 1.75], "rotation": 90, "texture": "#4"},
				"east": {"uv": [0, 0, 0.25, 0.5], "rotation": 270, "texture": "#4"},
				"south": {"uv": [0, 0, 0.25, 1.75], "rotation": 270, "texture": "#4"},
				"west": {"uv": [0, 0, 0.25, 0.5], "rotation": 270, "texture": "#4"},
				"up": {"uv": [0, 0, 0.5, 1.75], "rotation": 270, "texture": "#4"},
				"down": {"uv": [0, 0, 0.5, 1.75], "rotation": 270, "texture": "#4"}
			}
		},
		{
			"from": [7.75, 2.95, 4.5],
			"to": [8.2, 4.6, 5],
			"faces": {
				"north": {"uv": [0, 0, 0.25, 1.75], "texture": "#4"},
				"east": {"uv": [0, 0, 0.5, 1.75], "texture": "#4"},
				"south": {"uv": [0, 0, 0.25, 1.75], "texture": "#4"},
				"west": {"uv": [0, 0, 0.5, 1.75], "texture": "#4"},
				"up": {"uv": [0, 0, 0.25, 0.5], "texture": "#4"},
				"down": {"uv": [0, 0, 0.25, 0.5], "texture": "#4"}
			}
		},
		{
			"from": [7.75, 4.95, 4.5],
			"to": [8.2, 5.7, 5],
			"faces": {
				"north": {"uv": [0, 0, 0.25, 1.75], "texture": "#4"},
				"east": {"uv": [0, 0, 0.5, 1.75], "texture": "#4"},
				"south": {"uv": [0, 0, 0.25, 1.75], "texture": "#4"},
				"west": {"uv": [0, 0, 0.5, 1.75], "texture": "#4"},
				"up": {"uv": [0, 0, 0.25, 0.5], "texture": "#4"},
				"down": {"uv": [0, 0, 0.25, 0.5], "texture": "#4"}
			}
		},
		{
			"from": [7.65, 5.05, 4.5],
			"to": [8.3, 5.6, 5],
			"faces": {
				"north": {"uv": [0, 0, 0.25, 1.75], "texture": "#4"},
				"east": {"uv": [0, 0, 0.5, 1.75], "texture": "#4"},
				"south": {"uv": [0, 0, 0.25, 1.75], "texture": "#4"},
				"west": {"uv": [0, 0, 0.5, 1.75], "texture": "#4"},
				"up": {"uv": [0, 0, 0.25, 0.5], "texture": "#4"},
				"down": {"uv": [0, 0, 0.25, 0.5], "texture": "#4"}
			}
		},
		{
			"from": [6.55, 2.95, 4.5],
			"to": [7, 5.3, 5],
			"rotation": {"angle": 0, "axis": "z", "origin": [0.6, 0, 0]},
			"faces": {
				"north": {"uv": [0, 0, 0.25, 1.75], "texture": "#4"},
				"east": {"uv": [0, 0, 0.5, 1.75], "texture": "#4"},
				"south": {"uv": [0, 0, 0.25, 1.75], "texture": "#4"},
				"west": {"uv": [0, 0, 0.5, 1.75], "texture": "#4"},
				"up": {"uv": [0, 0, 0.25, 0.5], "texture": "#4"},
				"down": {"uv": [0, 0, 0.25, 0.5], "texture": "#4"}
			}
		},
		{
			"from": [6.31538, 5.01642, 4.5],
			"to": [6.76538, 5.86642, 5],
			"rotation": {"angle": 45, "axis": "z", "origin": [6.54038, 5.44142, 4.75]},
			"faces": {
				"north": {"uv": [0, 0, 0.25, 1.75], "texture": "#4"},
				"east": {"uv": [0, 0, 0.5, 1.75], "texture": "#4"},
				"south": {"uv": [0, 0, 0.25, 1.75], "texture": "#4"},
				"west": {"uv": [0, 0, 0.5, 1.75], "texture": "#4"},
				"up": {"uv": [0, 0, 0.25, 0.5], "texture": "#4"},
				"down": {"uv": [0, 0, 0.25, 0.5], "texture": "#4"}
			}
		},
		{
			"from": [5.54896, 5.45104, 4.5],
			"to": [6.39896, 5.90104, 5],
			"rotation": {"angle": 0, "axis": "z", "origin": [5.97396, 5.67604, 4.75]},
			"faces": {
				"north": {"uv": [0, 0, 0.25, 1.75], "rotation": 90, "texture": "#4"},
				"east": {"uv": [0, 0, 0.25, 0.5], "rotation": 270, "texture": "#4"},
				"south": {"uv": [0, 0, 0.25, 1.75], "rotation": 270, "texture": "#4"},
				"west": {"uv": [0, 0, 0.25, 0.5], "rotation": 270, "texture": "#4"},
				"up": {"uv": [0, 0, 0.5, 1.75], "rotation": 270, "texture": "#4"},
				"down": {"uv": [0, 0, 0.5, 1.75], "rotation": 270, "texture": "#4"}
			}
		},
		{
			"from": [5.74896, 4.05104, 4.5],
			"to": [6.59896, 4.50104, 5],
			"rotation": {"angle": 0, "axis": "z", "origin": [5.97396, 5.67604, 4.75]},
			"faces": {
				"north": {"uv": [0, 0, 0.25, 1.75], "rotation": 90, "texture": "#4"},
				"east": {"uv": [0, 0, 0.25, 0.5], "rotation": 270, "texture": "#4"},
				"south": {"uv": [0, 0, 0.25, 1.75], "rotation": 270, "texture": "#4"},
				"west": {"uv": [0, 0, 0.25, 0.5], "rotation": 270, "texture": "#4"},
				"up": {"uv": [0, 0, 0.5, 1.75], "rotation": 270, "texture": "#4"},
				"down": {"uv": [0, 0, 0.5, 1.75], "rotation": 270, "texture": "#4"}
			}
		},
		{
			"from": [5.28254, 5.21642, 4.5],
			"to": [5.83254, 5.66642, 5],
			"rotation": {"angle": 45, "axis": "z", "origin": [5.40754, 5.44142, 4.75]},
			"faces": {
				"north": {"uv": [0, 0, 0.25, 1.75], "rotation": 90, "texture": "#4"},
				"east": {"uv": [0, 0, 0.25, 0.5], "rotation": 270, "texture": "#4"},
				"south": {"uv": [0, 0, 0.25, 1.75], "rotation": 270, "texture": "#4"},
				"west": {"uv": [0, 0, 0.25, 0.5], "rotation": 270, "texture": "#4"},
				"up": {"uv": [0, 0, 0.5, 1.75], "rotation": 270, "texture": "#4"},
				"down": {"uv": [0, 0, 0.5, 1.75], "rotation": 270, "texture": "#4"}
			}
		}
	],
	"display": {
		"thirdperson_righthand": {
			"rotation": [27, 75, 26],
			"translation": [0, 2.5, 2.5],
			"scale": [0.4, 0.4, 0.4]
		},
		"thirdperson_lefthand": {
			"rotation": [27, 75, 26],
			"translation": [0, 2.5, 2.5],
			"scale": [0.4, 0.4, 0.4]
		},
		"firstperson_righthand": {
			"rotation": [0, 129, 0],
			"translation": [0, 4, 1.5],
			"scale": [0.4, 0.4, 0.4]
		},
		"firstperson_lefthand": {
			"rotation": [0, 129, 0],
			"translation": [0, 4, 1.5],
			"scale": [0.4, 0.4, 0.4]
		},
		"ground": {
			"translation": [0, -0.25, 0],
			"scale": [0.4, 0.4, 0.4]
		},
		"gui": {
			"rotation": [25, 151, 0],
			"translation": [-0.5, 2.75, 0]
		},
		"head": {
			"translation": [0, 14.75, 0]
		},
		"fixed": {
			"rotation": [-90, 0, 0],
			"translation": [0, 1, -10],
			"scale": [1.25, 1.25, 1.25]
		}
	}
}