{
	"credit": "made by: brainsynder",
	"ambientocclusion": false,
	"textures": {
		"1": "block/white_wool",
		"2": "block/black_wool",
		"3": "block/black_concrete"
	},
	"elements": [
		{
			"from": [5, 7.6, 0],
			"to": [11, 8.2, 3.9],
			"rotation": {"angle": 0, "axis": "y", "origin": [7.5, 7.5, 7.5]},
			"faces": {
				"north": {"uv": [0, 0, 6, 0.6], "texture": "#2"},
				"east": {"uv": [0, 0, 4, 0.6], "texture": "#2"},
				"south": {"uv": [0, 0, 6, 0.6], "texture": "#2"},
				"west": {"uv": [0, 0, 4, 0.6], "texture": "#2"},
				"up": {"uv": [0, 0, 6, 4], "texture": "#2"},
				"down": {"uv": [0, 0, 6, 4], "texture": "#2"}
			}
		},
		{
			"from": [5, 8.1, 1],
			"to": [11, 8.85, 4],
			"rotation": {"angle": 0, "axis": "y", "origin": [7.5, 7.5, 7.5]},
			"faces": {
				"north": {"uv": [0, 0, 6, 0.5], "texture": "#2"},
				"east": {"uv": [0, 0, 3, 0.5], "texture": "#2"},
				"south": {"uv": [0, 0, 6, 0.5], "texture": "#2"},
				"west": {"uv": [0, 0, 3, 0.5], "texture": "#2"},
				"up": {"uv": [0, 1.5, 6, 5.25], "texture": "#2"},
				"down": {"uv": [0, 0, 6, 3], "texture": "#2"}
			}
		},
		{
			"from": [11, 7.6, 1],
			"to": [11.9, 8.2, 3.9],
			"rotation": {"angle": 0, "axis": "y", "origin": [7.5, 7.5, 7.5]},
			"faces": {
				"north": {"uv": [0, 0, 0.9, 0.6], "texture": "#2"},
				"east": {"uv": [0, 0, 2.9, 0.6], "texture": "#2"},
				"south": {"uv": [0, 0, 0.9, 0.6], "texture": "#2"},
				"west": {"uv": [0, 0, 2.9, 0.6], "texture": "#2"},
				"up": {"uv": [0, 0, 0.9, 2.9], "texture": "#2"},
				"down": {"uv": [0, 0, 0.9, 2.9], "texture": "#2"}
			}
		},
		{
			"from": [4.1, 7.6, 1],
			"to": [5, 8.2, 3.9],
			"rotation": {"angle": 0, "axis": "y", "origin": [7.5, 7.5, 7.5]},
			"faces": {
				"north": {"uv": [0, 0, 0.9, 0.6], "texture": "#2"},
				"east": {"uv": [0, 0, 2.9, 0.6], "texture": "#2"},
				"south": {"uv": [0, 0, 0.9, 0.6], "texture": "#2"},
				"west": {"uv": [0, 0, 2.9, 0.6], "texture": "#2"},
				"up": {"uv": [0, 0, 0.9, 2.9], "texture": "#2"},
				"down": {"uv": [0, 0, 0.9, 2.9], "texture": "#2"}
			}
		},
		{
			"from": [5, 8, 5],
			"to": [11, 10.5, 11],
			"rotation": {"angle": 0, "axis": "y", "origin": [7.5, 7.5, 7.5]},
			"faces": {
				"north": {"uv": [0, 0, 6, 2.5], "texture": "#1", "tintindex": 0},
				"east": {"uv": [0, 0, 6, 2.5], "texture": "#1", "tintindex": 0},
				"south": {"uv": [0, 0, 6, 2.5], "texture": "#1", "tintindex": 0},
				"west": {"uv": [0, 0, 6, 2.5], "texture": "#1", "tintindex": 0},
				"up": {"uv": [0, 2, 6, 8], "texture": "#1", "tintindex": 0},
				"down": {"uv": [0, 0, 6, 6], "texture": "#3"}
			}
		},
		{
			"from": [11, 8, 4],
			"to": [12, 9.5, 12],
			"rotation": {"angle": 0, "axis": "y", "origin": [7.5, 7.5, 7.5]},
			"faces": {
				"north": {"uv": [0, 0, 1, 1.5], "texture": "#1", "tintindex": 0},
				"east": {"uv": [0, 0, 8, 1.5], "texture": "#1", "tintindex": 0},
				"south": {"uv": [0, 0, 1, 1.5], "texture": "#1", "tintindex": 0},
				"west": {"uv": [0, 0, 8, 1.5], "texture": "#1", "tintindex": 0},
				"up": {"uv": [0, 0, 1, 8], "texture": "#1", "tintindex": 0},
				"down": {"uv": [0, 0, 1, 8], "texture": "#2"}
			}
		},
		{
			"from": [4, 8, 4],
			"to": [5, 9.5, 12],
			"rotation": {"angle": 0, "axis": "y", "origin": [7.5, 7.5, 7.5]},
			"faces": {
				"north": {"uv": [0, 0, 1, 1.5], "texture": "#1", "tintindex": 0},
				"east": {"uv": [0, 0, 8, 1.5], "texture": "#1", "tintindex": 0},
				"south": {"uv": [0, 0, 1, 1.5], "texture": "#1", "tintindex": 0},
				"west": {"uv": [0, 0, 8, 1.5], "texture": "#1", "tintindex": 0},
				"up": {"uv": [0, 0, 1, 8], "texture": "#1", "tintindex": 0},
				"down": {"uv": [0, 0, 1, 8], "texture": "#2"}
			}
		},
		{
			"from": [3.5, 7.7, 4],
			"to": [4, 8.75, 12],
			"rotation": {"angle": 0, "axis": "y", "origin": [7.5, 7.5, 7.5]},
			"faces": {
				"north": {"uv": [0, 0, 0.5, 1.05], "texture": "#2"},
				"east": {"uv": [0, 0, 8, 1.05], "texture": "#2"},
				"south": {"uv": [0, 0, 0.5, 1.05], "texture": "#2"},
				"west": {"uv": [0, 0, 8, 1.05], "texture": "#2"},
				"up": {"uv": [0, 0, 0.5, 8], "texture": "#2"},
				"down": {"uv": [0, 0, 0.5, 8], "texture": "#2"}
			}
		},
		{
			"from": [12, 7.7, 4],
			"to": [12.5, 8.75, 12],
			"rotation": {"angle": 0, "axis": "y", "origin": [7.5, 7.5, 7.5]},
			"faces": {
				"north": {"uv": [0, 0, 0.5, 1.05], "texture": "#2"},
				"east": {"uv": [0, 0, 8, 1.05], "texture": "#2"},
				"south": {"uv": [0, 0, 0.5, 1.05], "texture": "#2"},
				"west": {"uv": [0, 0, 8, 1.05], "texture": "#2"},
				"up": {"uv": [0, 0, 0.5, 8], "texture": "#2"},
				"down": {"uv": [0, 0, 0.5, 8], "texture": "#2"}
			}
		},
		{
			"from": [4, 7.7, 12],
			"to": [12, 8.75, 12.5],
			"rotation": {"angle": 0, "axis": "y", "origin": [12.25, 8.225, 17]},
			"faces": {
				"north": {"uv": [0, 0, 8, 1.05], "texture": "#2"},
				"east": {"uv": [0, 0, 0.5, 1.05], "texture": "#2"},
				"south": {"uv": [0, 0, 8, 1.05], "texture": "#2"},
				"west": {"uv": [0, 0, 0.5, 1.05], "texture": "#2"},
				"up": {"uv": [0, 0, 0.5, 8], "rotation": 90, "texture": "#2"},
				"down": {"uv": [0, 0, 0.5, 8], "rotation": 270, "texture": "#2"}
			}
		},
		{
			"from": [7, 8.05, 12.1],
			"to": [9, 8.4, 12.6],
			"rotation": {"angle": 0, "axis": "y", "origin": [12.25, 8.225, 17]},
			"faces": {
				"north": {"uv": [0, 0, 2, 0.35], "texture": "#1", "tintindex": 0},
				"east": {"uv": [0, 0, 0.5, 0.35], "texture": "#1", "tintindex": 0},
				"south": {"uv": [0, 0, 2, 0.35], "texture": "#1", "tintindex": 0},
				"west": {"uv": [0, 0, 0.5, 0.35], "texture": "#1", "tintindex": 0},
				"up": {"uv": [0, 0, 0.5, 2], "rotation": 90, "texture": "#1", "tintindex": 0},
				"down": {"uv": [0, 0, 0.5, 2], "rotation": 270, "texture": "#1", "tintindex": 0}
			}
		},
		{
			"from": [4, 7.7, 3.5],
			"to": [12, 8.75, 4],
			"rotation": {"angle": 0, "axis": "y", "origin": [12.25, 8.225, 17]},
			"faces": {
				"north": {"uv": [0, 0, 8, 1.05], "texture": "#2"},
				"east": {"uv": [0, 0, 0.5, 1.05], "texture": "#2"},
				"south": {"uv": [0, 0, 8, 1.05], "texture": "#2"},
				"west": {"uv": [0, 0, 0.5, 1.05], "texture": "#2"},
				"up": {"uv": [0, 0, 0.5, 8], "rotation": 90, "texture": "#2"},
				"down": {"uv": [0, 0, 0.5, 8], "rotation": 270, "texture": "#2"}
			}
		},
		{
			"from": [5, 8, 4],
			"to": [11, 9.5, 5],
			"rotation": {"angle": 0, "axis": "y", "origin": [7.5, 7.5, 7.5]},
			"faces": {
				"north": {"uv": [0, 0, 6, 1.5], "texture": "#1", "tintindex": 0},
				"east": {"uv": [0, 0, 1, 1.5], "texture": "#1", "tintindex": 0},
				"south": {"uv": [0, 0, 6, 1.5], "texture": "#1", "tintindex": 0},
				"west": {"uv": [0, 0, 1, 1.5], "texture": "#1", "tintindex": 0},
				"up": {"uv": [0, 0, 6, 1], "texture": "#1", "tintindex": 0},
				"down": {"uv": [0, 0, 6, 1], "texture": "#2"}
			}
		},
		{
			"from": [5, 8, 11],
			"to": [11, 9.5, 12],
			"rotation": {"angle": 0, "axis": "y", "origin": [7.5, 7.5, 7.5]},
			"faces": {
				"north": {"uv": [0, 0, 6, 1.5], "texture": "#1", "tintindex": 0},
				"east": {"uv": [0, 0, 1, 1.5], "texture": "#1", "tintindex": 0},
				"south": {"uv": [0, 0, 6, 1.5], "texture": "#1", "tintindex": 0},
				"west": {"uv": [0, 0, 1, 1.5], "texture": "#1", "tintindex": 0},
				"up": {"uv": [0, 0, 6, 1], "texture": "#1", "tintindex": 0},
				"down": {"uv": [0, 0, 6, 1], "texture": "#2"}
			}
		},
		{
			"from": [7.5, 9.75, 7.5],
			"to": [8.5, 10.75, 8.5],
			"rotation": {"angle": 0, "axis": "y", "origin": [7.5, 7.5, 7.5]},
			"faces": {
				"north": {"uv": [0, 0, 1, 1], "texture": "#2"},
				"east": {"uv": [0, 0, 1, 1], "texture": "#2"},
				"south": {"uv": [0, 0, 1, 1], "texture": "#2"},
				"west": {"uv": [0, 0, 1, 1], "texture": "#2"},
				"up": {"uv": [0, 0, 1, 1], "texture": "#2"},
				"down": {"uv": [0, 0, 1, 1], "texture": "#2"}
			}
		}
	],
	"display": {
		"thirdperson_righthand": {
			"rotation": [-137.34, -3.47, -14.87],
			"translation": [0.5, 3.5, -3],
			"scale": [0.75, 0.75, 0.75]
		},
		"thirdperson_lefthand": {
			"rotation": [-137.34, -3.47, -14.87],
			"translation": [0.5, 3.5, -3],
			"scale": [0.75, 0.75, 0.75]
		},
		"firstperson_righthand": {
			"rotation": [-168.26, -12.45, -2.57],
			"translation": [2, 1.5, -3.75],
			"scale": [0.75, 0.75, 0.75]
		},
		"firstperson_lefthand": {
			"rotation": [-168.26, -12.45, -2.57],
			"translation": [2, 1.5, -3.75],
			"scale": [0.75, 0.75, 0.75]
		},
		"ground": {
			"translation": [0, -2.75, 0],
			"scale": [0.5, 0.5, 0.5]
		},
		"gui": {
			"rotation": [30, 225, 0],
			"scale": [0.8, 0.8, 0.8]
		},
		"head": {
			"translation": [0, 7, 0],
			"scale": [1.57695, 1.57695, 1.57695]
		},
		"fixed": {
			"rotation": [-90, 0, 0],
			"translation": [0, 0, -0.5]
		}
	}
}