{
	"credit": "made by: brainsynder",
	"ambientocclusion": false,
	"texture_size": [32, 32],
	"textures": {
		"4": "blockbench/colored_sword_parts"
	},
	"elements": [
		{
			"from": [0, 0, 7.5],
			"to": [3, 3, 8.5],
			"faces": {
				"north": {"uv": [0.008, 14.508, 1.492, 15.992], "rotation": 270, "texture": "#4", "tintindex": 0},
				"east": {"uv": [1.008, 14.508, 1.492, 15.992], "texture": "#4", "tintindex": 0},
				"south": {"uv": [0.008, 14.508, 1.492, 15.992], "texture": "#4", "tintindex": 0},
				"west": {"uv": [0.008, 14.508, 0.492, 15.992], "texture": "#4", "tintindex": 0},
				"up": {"uv": [0.008, 14.508, 1.492, 14.992], "texture": "#4", "tintindex": 0},
				"down": {"uv": [0.008, 15.508, 1.492, 15.992], "texture": "#4", "tintindex": 0}
			}
		},
		{
			"from": [2, 2, 7.5],
			"to": [3, 3, 8.5],
			"faces": {
				"north": {"uv": [2.508, 15.008, 2.992, 15.492], "texture": "#4"},
				"east": {"uv": [2.508, 15.008, 2.992, 15.492], "texture": "#4"},
				"south": {"uv": [2.508, 15.008, 2.992, 15.492], "texture": "#4"},
				"west": {"uv": [2.508, 15.008, 2.992, 15.492], "texture": "#4"},
				"up": {"uv": [2.508, 15.008, 2.992, 15.492], "texture": "#4"},
				"down": {"uv": [2.508, 15.008, 2.992, 15.492], "texture": "#4"}
			}
		},
		{
			"from": [3, 2, 7.5],
			"to": [4, 3, 8.5],
			"faces": {
				"north": {"uv": [1.508, 14.508, 1.992, 14.992], "texture": "#4"},
				"east": {"uv": [1.508, 14.508, 1.992, 14.992], "texture": "#4"},
				"south": {"uv": [1.508, 14.508, 1.992, 14.992], "texture": "#4"},
				"west": {"uv": [1.508, 14.508, 1.992, 14.992], "texture": "#4"},
				"up": {"uv": [1.508, 14.508, 1.992, 14.992], "texture": "#4"},
				"down": {"uv": [1.508, 14.508, 1.992, 14.992], "texture": "#4"}
			}
		},
		{
			"from": [2, 3, 7.5],
			"to": [5, 4, 8.5],
			"faces": {
				"north": {"uv": [1.008, 14.008, 2.492, 14.492], "rotation": 180, "texture": "#4"},
				"east": {"uv": [2.008, 14.008, 2.492, 14.492], "texture": "#4"},
				"south": {"uv": [1.008, 14.008, 2.492, 14.492], "texture": "#4"},
				"west": {"uv": [1.008, 14.008, 1.492, 14.492], "texture": "#4"},
				"up": {"uv": [1.008, 14.008, 2.492, 14.492], "texture": "#4"},
				"down": {"uv": [1.008, 14.008, 2.492, 14.492], "texture": "#4"}
			}
		},
		{
			"from": [3, 4, 7.5],
			"to": [5, 5, 8.5],
			"rotation": {"angle": 0, "axis": "y", "origin": [4, 4.5, 8]},
			"faces": {
				"north": {"uv": [1.508, 13.508, 2.492, 13.992], "rotation": 180, "texture": "#4"},
				"east": {"uv": [2.008, 13.508, 2.492, 13.992], "texture": "#4"},
				"south": {"uv": [1.508, 13.508, 2.492, 13.992], "texture": "#4"},
				"west": {"uv": [1.508, 13.508, 1.992, 13.992], "texture": "#4"},
				"up": {"uv": [1.508, 13.508, 2.492, 13.992], "texture": "#4"},
				"down": {"uv": [1.508, 13.508, 2.492, 13.992], "texture": "#4"}
			}
		},
		{
			"from": [2, 8, 7.5],
			"to": [4, 10, 8.5],
			"faces": {
				"north": {"uv": [9.008, 3.008, 9.992, 3.992], "rotation": 90, "texture": "#4"},
				"east": {"uv": [9.008, 3.008, 9.492, 3.992], "texture": "#4"},
				"south": {"uv": [9.008, 3.008, 9.992, 3.992], "texture": "#4"},
				"west": {"uv": [9.008, 3.008, 9.492, 3.992], "texture": "#4"},
				"up": {"uv": [9.008, 3.008, 9.992, 3.492], "texture": "#4"},
				"down": {"uv": [9.008, 3.508, 9.992, 3.992], "texture": "#4"}
			}
		},
		{
			"from": [8, 2, 7.5],
			"to": [10, 4, 8.5],
			"faces": {
				"north": {"uv": [12.008, 6.008, 12.992, 6.992], "rotation": 90, "texture": "#4"},
				"east": {"uv": [12.508, 6.008, 12.992, 6.992], "texture": "#4"},
				"south": {"uv": [12.008, 6.008, 12.992, 6.992], "texture": "#4"},
				"west": {"uv": [12.008, 6.008, 12.492, 6.992], "texture": "#4"},
				"up": {"uv": [12.008, 6.008, 12.992, 6.492], "texture": "#4"},
				"down": {"uv": [12.008, 6.508, 12.992, 6.992], "texture": "#4"}
			}
		},
		{
			"from": [6, 3, 7.5],
			"to": [8, 5, 8.5],
			"faces": {
				"north": {"uv": [11.008, 5.508, 11.992, 6.492], "texture": "#4"},
				"east": {"uv": [8.008, 0.008, 8.492, 0.992], "texture": "#4"},
				"south": {"uv": [11.008, 5.508, 11.992, 6.492], "texture": "#4"},
				"west": {"uv": [11.508, 5.508, 11.992, 6.492], "texture": "#4"},
				"up": {"uv": [10.508, 5.008, 11.492, 5.492], "texture": "#4"},
				"down": {"uv": [11.008, 6.008, 11.992, 6.492], "texture": "#4"}
			}
		},
		{
			"from": [3, 6, 7.5],
			"to": [5, 8, 8.5],
			"faces": {
				"north": {"uv": [9.508, 4.008, 10.492, 4.992], "rotation": 180, "texture": "#4"},
				"east": {"uv": [10.008, 4.008, 10.492, 4.992], "texture": "#4"},
				"south": {"uv": [9.508, 4.008, 10.492, 4.992], "texture": "#4"},
				"west": {"uv": [9.508, 4.008, 9.992, 4.992], "texture": "#4"},
				"up": {"uv": [8.008, 0.008, 8.992, 0.492], "texture": "#4"},
				"down": {"uv": [9.508, 4.508, 10.492, 4.992], "texture": "#4"}
			}
		},
		{
			"from": [5, 5, 7.5],
			"to": [7, 7, 8.5],
			"faces": {
				"north": {"uv": [10.508, 4.508, 11.492, 5.492], "rotation": 90, "texture": "#4"},
				"east": {"uv": [11.008, 4.508, 11.492, 5.492], "texture": "#4"},
				"south": {"uv": [10.508, 4.508, 11.492, 5.492], "texture": "#4"},
				"west": {"uv": [8.008, 0.008, 8.492, 0.992], "texture": "#4"},
				"up": {"uv": [11.008, 4.508, 11.492, 5.492], "rotation": 270, "texture": "#4"},
				"down": {"uv": [8.008, 0.008, 8.992, 0.492], "texture": "#4"}
			}
		},
		{
			"from": [4, 5, 7.5],
			"to": [5, 6, 8.5],
			"faces": {
				"north": {"uv": [10.008, 5.008, 10.492, 5.492], "texture": "#4"},
				"east": {"uv": [10.008, 5.008, 10.492, 5.492], "texture": "#4"},
				"south": {"uv": [10.008, 5.008, 10.492, 5.492], "texture": "#4"},
				"west": {"uv": [10.008, 5.008, 10.492, 5.492], "texture": "#4"},
				"up": {"uv": [10.008, 5.008, 10.492, 5.492], "texture": "#4"},
				"down": {"uv": [10.008, 5.008, 10.492, 5.492], "texture": "#4"}
			}
		},
		{
			"from": [5, 4, 7.5],
			"to": [6, 5, 8.5],
			"faces": {
				"north": {"uv": [10.508, 5.508, 10.992, 5.992], "texture": "#4"},
				"east": {"uv": [10.508, 5.508, 10.992, 5.992], "texture": "#4"},
				"south": {"uv": [10.508, 5.508, 10.992, 5.992], "texture": "#4"},
				"west": {"uv": [10.508, 5.508, 10.992, 5.992], "texture": "#4"},
				"up": {"uv": [10.508, 5.508, 10.992, 5.992], "texture": "#4"},
				"down": {"uv": [10.508, 5.508, 10.992, 5.992], "texture": "#4"}
			}
		},
		{
			"from": [8, 4, 7.5],
			"to": [9, 5, 8.5],
			"faces": {
				"north": {"uv": [12.008, 5.508, 12.492, 5.992], "texture": "#4"},
				"east": {"uv": [12.008, 5.508, 12.492, 5.992], "texture": "#4"},
				"south": {"uv": [12.008, 5.508, 12.492, 5.992], "texture": "#4"},
				"west": {"uv": [12.008, 5.508, 12.492, 5.992], "texture": "#4"},
				"up": {"uv": [12.008, 5.508, 12.492, 5.992], "texture": "#4"},
				"down": {"uv": [12.008, 5.508, 12.492, 5.992], "texture": "#4"}
			}
		},
		{
			"from": [4, 8, 7.5],
			"to": [5, 9, 8.5],
			"faces": {
				"north": {"uv": [10.008, 3.508, 10.492, 3.992], "texture": "#4"},
				"east": {"uv": [10.008, 3.508, 10.492, 3.992], "texture": "#4"},
				"south": {"uv": [10.008, 3.508, 10.492, 3.992], "texture": "#4"},
				"west": {"uv": [10.008, 3.508, 10.492, 3.992], "texture": "#4"},
				"up": {"uv": [10.008, 3.508, 10.492, 3.992], "texture": "#4"},
				"down": {"uv": [10.008, 3.508, 10.492, 3.992], "texture": "#4"}
			}
		},
		{
			"from": [5, 7, 7.5],
			"to": [6, 8, 8.5],
			"faces": {
				"north": {"uv": [2.508, 4.008, 2.992, 4.492], "texture": "#4", "tintindex": 0},
				"east": {"uv": [2.508, 4.008, 2.992, 4.492], "texture": "#4", "tintindex": 0},
				"south": {"uv": [2.508, 4.008, 2.992, 4.492], "texture": "#4", "tintindex": 0},
				"west": {"uv": [2.508, 4.008, 2.992, 4.492], "texture": "#4", "tintindex": 0},
				"up": {"uv": [2.508, 4.008, 2.992, 4.492], "texture": "#4", "tintindex": 0},
				"down": {"uv": [2.508, 4.008, 2.992, 4.492], "texture": "#4", "tintindex": 0}
			}
		},
		{
			"from": [6, 7, 7.7],
			"to": [7, 8, 8.3],
			"faces": {
				"north": {"uv": [3.008, 4.008, 3.492, 4.492], "texture": "#4", "tintindex": 0},
				"east": {"uv": [3.008, 4.008, 3.492, 4.492], "texture": "#4", "tintindex": 0},
				"south": {"uv": [3.008, 4.008, 3.492, 4.492], "texture": "#4", "tintindex": 0},
				"west": {"uv": [3.008, 4.008, 3.492, 4.492], "texture": "#4", "tintindex": 0},
				"up": {"uv": [3.008, 4.008, 3.492, 4.492], "texture": "#4", "tintindex": 0},
				"down": {"uv": [3.008, 4.008, 3.492, 4.492], "texture": "#4", "tintindex": 0}
			}
		},
		{
			"from": [7, 8, 7.7],
			"to": [8, 9, 8.3],
			"faces": {
				"north": {"uv": [3.508, 3.508, 3.992, 3.992], "texture": "#4", "tintindex": 0},
				"east": {"uv": [3.508, 3.508, 3.992, 3.992], "texture": "#4", "tintindex": 0},
				"south": {"uv": [3.508, 3.508, 3.992, 3.992], "texture": "#4", "tintindex": 0},
				"west": {"uv": [3.508, 3.508, 3.992, 3.992], "texture": "#4", "tintindex": 0},
				"up": {"uv": [3.508, 3.508, 3.992, 3.992], "texture": "#4", "tintindex": 0},
				"down": {"uv": [3.508, 3.508, 3.992, 3.992], "texture": "#4", "tintindex": 0}
			}
		},
		{
			"from": [7, 9, 7.9],
			"to": [8, 10, 8.1],
			"faces": {
				"north": {"uv": [7.508, 0.008, 7.992, 0.492], "texture": "#4", "tintindex": 0},
				"east": {"uv": [7.508, 0.008, 7.992, 0.492], "texture": "#4", "tintindex": 0},
				"south": {"uv": [7.508, 0.008, 7.992, 0.492], "texture": "#4", "tintindex": 0},
				"west": {"uv": [7.508, 0.008, 7.992, 0.492], "texture": "#4", "tintindex": 0},
				"up": {"uv": [7.508, 0.008, 7.992, 0.492], "texture": "#4", "tintindex": 0},
				"down": {"uv": [7.508, 0.008, 7.992, 0.492], "texture": "#4", "tintindex": 0}
			}
		},
		{
			"from": [8, 9, 7.7],
			"to": [9, 10, 8.3],
			"faces": {
				"north": {"uv": [4.008, 3.008, 4.492, 3.492], "texture": "#4", "tintindex": 0},
				"east": {"uv": [4.008, 3.008, 4.492, 3.492], "texture": "#4", "tintindex": 0},
				"south": {"uv": [4.008, 3.008, 4.492, 3.492], "texture": "#4", "tintindex": 0},
				"west": {"uv": [4.008, 3.008, 4.492, 3.492], "texture": "#4", "tintindex": 0},
				"up": {"uv": [4.008, 3.008, 4.492, 3.492], "texture": "#4", "tintindex": 0},
				"down": {"uv": [4.008, 3.008, 4.492, 3.492], "texture": "#4", "tintindex": 0}
			}
		},
		{
			"from": [8, 8, 7.5],
			"to": [9, 9, 8.5],
			"faces": {
				"north": {"uv": [4.008, 3.508, 4.492, 3.992], "texture": "#4", "tintindex": 0},
				"east": {"uv": [4.008, 3.508, 4.492, 3.992], "texture": "#4", "tintindex": 0},
				"south": {"uv": [4.008, 3.508, 4.492, 3.992], "texture": "#4", "tintindex": 0},
				"west": {"uv": [4.008, 3.508, 4.492, 3.992], "texture": "#4", "tintindex": 0},
				"up": {"uv": [4.008, 3.508, 4.492, 3.992], "texture": "#4", "tintindex": 0},
				"down": {"uv": [4.008, 3.508, 4.492, 3.992], "texture": "#4", "tintindex": 0}
			}
		},
		{
			"from": [9, 8, 7.7],
			"to": [10, 9, 8.3],
			"faces": {
				"north": {"uv": [4.508, 3.508, 4.992, 3.992], "texture": "#4", "tintindex": 0},
				"east": {"uv": [4.508, 3.508, 4.992, 3.992], "texture": "#4", "tintindex": 0},
				"south": {"uv": [4.508, 3.508, 4.992, 3.992], "texture": "#4", "tintindex": 0},
				"west": {"uv": [4.508, 3.508, 4.992, 3.992], "texture": "#4", "tintindex": 0},
				"up": {"uv": [4.508, 3.508, 4.992, 3.992], "texture": "#4", "tintindex": 0},
				"down": {"uv": [4.508, 3.508, 4.992, 3.992], "texture": "#4", "tintindex": 0}
			}
		},
		{
			"from": [9, 9, 7.5],
			"to": [10, 10, 8.5],
			"faces": {
				"north": {"uv": [4.508, 3.008, 4.992, 3.492], "texture": "#4", "tintindex": 0},
				"east": {"uv": [4.508, 3.008, 4.992, 3.492], "texture": "#4", "tintindex": 0},
				"south": {"uv": [4.508, 3.008, 4.992, 3.492], "texture": "#4", "tintindex": 0},
				"west": {"uv": [4.508, 3.008, 4.992, 3.492], "texture": "#4", "tintindex": 0},
				"up": {"uv": [4.508, 3.008, 4.992, 3.492], "texture": "#4", "tintindex": 0},
				"down": {"uv": [4.508, 3.008, 4.992, 3.492], "texture": "#4", "tintindex": 0}
			}
		},
		{
			"from": [10, 9, 7.7],
			"to": [11, 10, 8.3],
			"faces": {
				"north": {"uv": [5.008, 3.008, 5.492, 3.492], "texture": "#4", "tintindex": 0},
				"east": {"uv": [5.008, 3.008, 5.492, 3.492], "texture": "#4", "tintindex": 0},
				"south": {"uv": [5.008, 3.008, 5.492, 3.492], "texture": "#4", "tintindex": 0},
				"west": {"uv": [5.008, 3.008, 5.492, 3.492], "texture": "#4", "tintindex": 0},
				"up": {"uv": [5.008, 3.008, 5.492, 3.492], "texture": "#4", "tintindex": 0},
				"down": {"uv": [5.008, 3.008, 5.492, 3.492], "texture": "#4", "tintindex": 0}
			}
		},
		{
			"from": [11, 9, 7.9],
			"to": [12, 10, 8.1],
			"faces": {
				"north": {"uv": [4.008, 4.508, 4.492, 4.992], "texture": "#4", "tintindex": 0},
				"east": {"uv": [4.008, 4.508, 4.492, 4.992], "texture": "#4", "tintindex": 0},
				"south": {"uv": [4.008, 4.508, 4.492, 4.992], "texture": "#4", "tintindex": 0},
				"west": {"uv": [4.008, 4.508, 4.492, 4.992], "texture": "#4", "tintindex": 0},
				"up": {"uv": [4.008, 4.508, 4.492, 4.992], "texture": "#4", "tintindex": 0},
				"down": {"uv": [0.008, 0.008, 0.492, 0.492], "texture": "#4", "tintindex": 0}
			}
		},
		{
			"from": [11, 10, 7.7],
			"to": [12, 11, 8.3],
			"faces": {
				"north": {"uv": [5.508, 2.508, 5.992, 2.992], "texture": "#4", "tintindex": 0},
				"east": {"uv": [5.508, 2.508, 5.992, 2.992], "texture": "#4", "tintindex": 0},
				"south": {"uv": [5.508, 2.508, 5.992, 2.992], "texture": "#4", "tintindex": 0},
				"west": {"uv": [5.508, 2.508, 5.992, 2.992], "texture": "#4", "tintindex": 0},
				"up": {"uv": [5.508, 2.508, 5.992, 2.992], "texture": "#4", "tintindex": 0},
				"down": {"uv": [5.508, 2.508, 5.992, 2.992], "texture": "#4", "tintindex": 0}
			}
		},
		{
			"from": [12, 10, 7.9],
			"to": [13, 11, 8.1],
			"faces": {
				"north": {"uv": [4.008, 4.508, 4.492, 4.992], "texture": "#4", "tintindex": 0},
				"east": {"uv": [4.008, 4.508, 4.492, 4.992], "texture": "#4", "tintindex": 0},
				"south": {"uv": [4.008, 4.508, 4.492, 4.992], "texture": "#4", "tintindex": 0},
				"west": {"uv": [4.008, 4.508, 4.492, 4.992], "texture": "#4", "tintindex": 0},
				"up": {"uv": [4.008, 4.508, 4.492, 4.992], "texture": "#4", "tintindex": 0},
				"down": {"uv": [4.008, 4.508, 4.492, 4.992], "texture": "#4", "tintindex": 0}
			}
		},
		{
			"from": [12, 11, 7.7],
			"to": [13, 12, 8.3],
			"faces": {
				"north": {"uv": [6.008, 2.008, 6.492, 2.492], "texture": "#4", "tintindex": 0},
				"east": {"uv": [6.008, 2.008, 6.492, 2.492], "texture": "#4", "tintindex": 0},
				"south": {"uv": [6.008, 2.008, 6.492, 2.492], "texture": "#4", "tintindex": 0},
				"west": {"uv": [6.008, 2.008, 6.492, 2.492], "texture": "#4", "tintindex": 0},
				"up": {"uv": [6.008, 2.008, 6.492, 2.492], "texture": "#4", "tintindex": 0},
				"down": {"uv": [6.008, 2.008, 6.492, 2.492], "texture": "#4", "tintindex": 0}
			}
		},
		{
			"from": [13, 11, 7.9],
			"to": [14, 12, 8.1],
			"faces": {
				"north": {"uv": [4.008, 4.508, 4.492, 4.992], "texture": "#4", "tintindex": 0},
				"east": {"uv": [4.008, 4.508, 4.492, 4.992], "texture": "#4", "tintindex": 0},
				"south": {"uv": [4.008, 4.508, 4.492, 4.992], "texture": "#4", "tintindex": 0},
				"west": {"uv": [4.008, 4.508, 4.492, 4.992], "texture": "#4", "tintindex": 0},
				"up": {"uv": [4.008, 4.508, 4.492, 4.992], "texture": "#4", "tintindex": 0},
				"down": {"uv": [4.008, 4.508, 4.492, 4.992], "texture": "#4", "tintindex": 0}
			}
		},
		{
			"from": [13, 12, 7.7],
			"to": [14, 13, 8.3],
			"faces": {
				"north": {"uv": [6.508, 1.508, 6.992, 1.992], "texture": "#4", "tintindex": 0},
				"east": {"uv": [6.508, 1.508, 6.992, 1.992], "texture": "#4", "tintindex": 0},
				"south": {"uv": [6.508, 1.508, 6.992, 1.992], "texture": "#4", "tintindex": 0},
				"west": {"uv": [6.508, 1.508, 6.992, 1.992], "texture": "#4", "tintindex": 0},
				"up": {"uv": [6.508, 1.508, 6.992, 1.992], "texture": "#4", "tintindex": 0},
				"down": {"uv": [6.508, 1.508, 6.992, 1.992], "texture": "#4", "tintindex": 0}
			}
		},
		{
			"from": [14, 12, 7.9],
			"to": [15, 13, 8.1],
			"faces": {
				"north": {"uv": [4.008, 4.508, 4.492, 4.992], "texture": "#4", "tintindex": 0},
				"east": {"uv": [4.008, 4.508, 4.492, 4.992], "texture": "#4", "tintindex": 0},
				"south": {"uv": [4.008, 4.508, 4.492, 4.992], "texture": "#4", "tintindex": 0},
				"west": {"uv": [4.008, 4.508, 4.492, 4.992], "texture": "#4", "tintindex": 0},
				"up": {"uv": [4.008, 4.508, 4.492, 4.992], "texture": "#4", "tintindex": 0},
				"down": {"uv": [4.008, 4.508, 4.492, 4.992], "texture": "#4", "tintindex": 0}
			}
		},
		{
			"from": [14, 13, 7.7],
			"to": [15, 14, 8.3],
			"faces": {
				"north": {"uv": [7.008, 1.008, 7.492, 1.492], "texture": "#4", "tintindex": 0},
				"east": {"uv": [7.008, 1.008, 7.492, 1.492], "texture": "#4", "tintindex": 0},
				"south": {"uv": [7.008, 1.008, 7.492, 1.492], "texture": "#4", "tintindex": 0},
				"west": {"uv": [7.008, 1.008, 7.492, 1.492], "texture": "#4", "tintindex": 0},
				"up": {"uv": [7.008, 1.008, 7.492, 1.492], "texture": "#4", "tintindex": 0},
				"down": {"uv": [7.008, 1.008, 7.492, 1.492], "texture": "#4", "tintindex": 0}
			}
		},
		{
			"from": [15, 13, 7.9],
			"to": [16, 14, 8.1],
			"faces": {
				"north": {"uv": [4.008, 4.508, 4.492, 4.992], "texture": "#4", "tintindex": 0},
				"east": {"uv": [4.008, 4.508, 4.492, 4.992], "texture": "#4", "tintindex": 0},
				"south": {"uv": [4.008, 4.508, 4.492, 4.992], "texture": "#4", "tintindex": 0},
				"west": {"uv": [4.008, 4.508, 4.492, 4.992], "texture": "#4", "tintindex": 0},
				"up": {"uv": [4.008, 4.508, 4.492, 4.992], "texture": "#4", "tintindex": 0},
				"down": {"uv": [4.008, 4.508, 4.492, 4.992], "texture": "#4", "tintindex": 0}
			}
		},
		{
			"from": [15, 14, 7.9],
			"to": [16, 15, 8.1],
			"faces": {
				"north": {"uv": [4.008, 4.508, 4.492, 4.992], "texture": "#4", "tintindex": 0},
				"east": {"uv": [4.008, 4.508, 4.492, 4.992], "texture": "#4", "tintindex": 0},
				"south": {"uv": [4.008, 4.508, 4.492, 4.992], "texture": "#4", "tintindex": 0},
				"west": {"uv": [4.008, 4.508, 4.492, 4.992], "texture": "#4", "tintindex": 0},
				"up": {"uv": [4.008, 4.508, 4.492, 4.992], "texture": "#4", "tintindex": 0},
				"down": {"uv": [4.008, 4.508, 4.492, 4.992], "texture": "#4", "tintindex": 0}
			}
		},
		{
			"from": [15, 15, 7.9],
			"to": [16, 16, 8.1],
			"faces": {
				"north": {"uv": [7.508, 0.008, 7.992, 0.492], "texture": "#4", "tintindex": 0},
				"east": {"uv": [7.508, 0.008, 7.992, 0.492], "texture": "#4", "tintindex": 0},
				"south": {"uv": [7.508, 0.008, 7.992, 0.492], "texture": "#4", "tintindex": 0},
				"west": {"uv": [7.508, 0.008, 7.992, 0.492], "texture": "#4", "tintindex": 0},
				"up": {"uv": [7.508, 0.008, 7.992, 0.492], "texture": "#4", "tintindex": 0},
				"down": {"uv": [7.508, 0.008, 7.992, 0.492], "texture": "#4", "tintindex": 0}
			}
		},
		{
			"from": [14, 15, 7.9],
			"to": [15, 16, 8.1],
			"faces": {
				"north": {"uv": [7.508, 0.008, 7.992, 0.492], "texture": "#4", "tintindex": 0},
				"east": {"uv": [7.508, 0.008, 7.992, 0.492], "texture": "#4", "tintindex": 0},
				"south": {"uv": [7.508, 0.008, 7.992, 0.492], "texture": "#4", "tintindex": 0},
				"west": {"uv": [7.508, 0.008, 7.992, 0.492], "texture": "#4", "tintindex": 0},
				"up": {"uv": [7.508, 0.008, 7.992, 0.492], "texture": "#4", "tintindex": 0},
				"down": {"uv": [7.508, 0.008, 7.992, 0.492], "texture": "#4", "tintindex": 0}
			}
		},
		{
			"from": [13, 15, 7.9],
			"to": [14, 16, 8.1],
			"faces": {
				"north": {"uv": [7.508, 0.008, 7.992, 0.492], "texture": "#4", "tintindex": 0},
				"east": {"uv": [7.508, 0.008, 7.992, 0.492], "texture": "#4", "tintindex": 0},
				"south": {"uv": [7.508, 0.008, 7.992, 0.492], "texture": "#4", "tintindex": 0},
				"west": {"uv": [7.508, 0.008, 7.992, 0.492], "texture": "#4", "tintindex": 0},
				"up": {"uv": [7.508, 0.008, 7.992, 0.492], "texture": "#4", "tintindex": 0},
				"down": {"uv": [7.508, 0.008, 7.992, 0.492], "texture": "#4", "tintindex": 0}
			}
		},
		{
			"from": [13, 14, 7.7],
			"to": [14, 15, 8.3],
			"faces": {
				"north": {"uv": [6.508, 0.508, 6.992, 0.992], "texture": "#4", "tintindex": 0},
				"east": {"uv": [6.508, 0.508, 6.992, 0.992], "texture": "#4", "tintindex": 0},
				"south": {"uv": [6.508, 0.508, 6.992, 0.992], "texture": "#4", "tintindex": 0},
				"west": {"uv": [6.508, 0.508, 6.992, 0.992], "texture": "#4", "tintindex": 0},
				"up": {"uv": [6.508, 0.508, 6.992, 0.992], "texture": "#4", "tintindex": 0},
				"down": {"uv": [6.508, 0.508, 6.992, 0.992], "texture": "#4", "tintindex": 0}
			}
		},
		{
			"from": [14, 14, 7.7],
			"to": [15, 15, 8.3],
			"faces": {
				"north": {"uv": [7.008, 0.508, 7.492, 0.992], "texture": "#4", "tintindex": 0},
				"east": {"uv": [7.008, 0.508, 7.492, 0.992], "texture": "#4", "tintindex": 0},
				"south": {"uv": [7.008, 0.508, 7.492, 0.992], "texture": "#4", "tintindex": 0},
				"west": {"uv": [7.008, 0.508, 7.492, 0.992], "texture": "#4", "tintindex": 0},
				"up": {"uv": [7.008, 0.508, 7.492, 0.992], "texture": "#4", "tintindex": 0},
				"down": {"uv": [7.008, 0.508, 7.492, 0.992], "texture": "#4", "tintindex": 0}
			}
		},
		{
			"from": [12, 14, 7.9],
			"to": [13, 15, 8.1],
			"faces": {
				"north": {"uv": [7.508, 0.008, 7.992, 0.492], "texture": "#4", "tintindex": 0},
				"east": {"uv": [7.508, 0.008, 7.992, 0.492], "texture": "#4", "tintindex": 0},
				"south": {"uv": [7.508, 0.008, 7.992, 0.492], "texture": "#4", "tintindex": 0},
				"west": {"uv": [7.508, 0.008, 7.992, 0.492], "texture": "#4", "tintindex": 0},
				"up": {"uv": [7.508, 0.008, 7.992, 0.492], "texture": "#4", "tintindex": 0},
				"down": {"uv": [7.508, 0.008, 7.992, 0.492], "texture": "#4", "tintindex": 0}
			}
		},
		{
			"from": [12, 13, 7.7],
			"to": [13, 14, 8.3],
			"faces": {
				"north": {"uv": [6.008, 1.008, 6.492, 1.492], "texture": "#4", "tintindex": 0},
				"east": {"uv": [6.008, 1.008, 6.492, 1.492], "texture": "#4", "tintindex": 0},
				"south": {"uv": [6.008, 1.008, 6.492, 1.492], "texture": "#4", "tintindex": 0},
				"west": {"uv": [6.008, 1.008, 6.492, 1.492], "texture": "#4", "tintindex": 0},
				"up": {"uv": [6.008, 1.008, 6.492, 1.492], "texture": "#4", "tintindex": 0},
				"down": {"uv": [6.008, 1.008, 6.492, 1.492], "texture": "#4", "tintindex": 0}
			}
		},
		{
			"from": [13, 13, 7.5],
			"to": [14, 14, 8.5],
			"faces": {
				"north": {"uv": [6.508, 1.008, 6.992, 1.492], "texture": "#4", "tintindex": 0},
				"east": {"uv": [6.508, 1.008, 6.992, 1.492], "texture": "#4", "tintindex": 0},
				"south": {"uv": [6.508, 1.008, 6.992, 1.492], "texture": "#4", "tintindex": 0},
				"west": {"uv": [6.508, 1.008, 6.992, 1.492], "texture": "#4", "tintindex": 0},
				"up": {"uv": [6.508, 1.008, 6.992, 1.492], "texture": "#4", "tintindex": 0},
				"down": {"uv": [6.508, 1.008, 6.992, 1.492], "texture": "#4", "tintindex": 0}
			}
		},
		{
			"from": [11, 13, 7.9],
			"to": [12, 14, 8.1],
			"faces": {
				"north": {"uv": [7.508, 0.008, 7.992, 0.492], "texture": "#4", "tintindex": 0},
				"east": {"uv": [7.508, 0.008, 7.992, 0.492], "texture": "#4", "tintindex": 0},
				"south": {"uv": [7.508, 0.008, 7.992, 0.492], "texture": "#4", "tintindex": 0},
				"west": {"uv": [7.508, 0.008, 7.992, 0.492], "texture": "#4", "tintindex": 0},
				"up": {"uv": [7.508, 0.008, 7.992, 0.492], "texture": "#4", "tintindex": 0},
				"down": {"uv": [7.508, 0.008, 7.992, 0.492], "texture": "#4", "tintindex": 0}
			}
		},
		{
			"from": [11, 12, 7.7],
			"to": [12, 13, 8.3],
			"faces": {
				"north": {"uv": [5.508, 1.508, 5.992, 1.992], "texture": "#4", "tintindex": 0},
				"east": {"uv": [5.508, 1.508, 5.992, 1.992], "texture": "#4", "tintindex": 0},
				"south": {"uv": [5.508, 1.508, 5.992, 1.992], "texture": "#4", "tintindex": 0},
				"west": {"uv": [5.508, 1.508, 5.992, 1.992], "texture": "#4", "tintindex": 0},
				"up": {"uv": [5.508, 1.508, 5.992, 1.992], "texture": "#4", "tintindex": 0},
				"down": {"uv": [5.508, 1.508, 5.992, 1.992], "texture": "#4", "tintindex": 0}
			}
		},
		{
			"from": [12, 12, 7.5],
			"to": [13, 13, 8.5],
			"faces": {
				"north": {"uv": [6.008, 1.508, 6.492, 1.992], "texture": "#4", "tintindex": 0},
				"east": {"uv": [6.008, 1.508, 6.492, 1.992], "texture": "#4", "tintindex": 0},
				"south": {"uv": [6.008, 1.508, 6.492, 1.992], "texture": "#4", "tintindex": 0},
				"west": {"uv": [6.008, 1.508, 6.492, 1.992], "texture": "#4", "tintindex": 0},
				"up": {"uv": [6.008, 1.508, 6.492, 1.992], "texture": "#4", "tintindex": 0},
				"down": {"uv": [6.008, 1.508, 6.492, 1.992], "texture": "#4", "tintindex": 0}
			}
		},
		{
			"from": [10, 12, 7.9],
			"to": [11, 13, 8.1],
			"faces": {
				"north": {"uv": [7.508, 0.008, 7.992, 0.492], "texture": "#4", "tintindex": 0},
				"east": {"uv": [7.508, 0.008, 7.992, 0.492], "texture": "#4", "tintindex": 0},
				"south": {"uv": [7.508, 0.008, 7.992, 0.492], "texture": "#4", "tintindex": 0},
				"west": {"uv": [7.508, 0.008, 7.992, 0.492], "texture": "#4", "tintindex": 0},
				"up": {"uv": [7.508, 0.008, 7.992, 0.492], "texture": "#4", "tintindex": 0},
				"down": {"uv": [7.508, 0.008, 7.992, 0.492], "texture": "#4", "tintindex": 0}
			}
		},
		{
			"from": [10, 11, 7.7],
			"to": [11, 12, 8.3],
			"faces": {
				"north": {"uv": [5.008, 2.008, 5.492, 2.492], "texture": "#4", "tintindex": 0},
				"east": {"uv": [5.008, 2.008, 5.492, 2.492], "texture": "#4", "tintindex": 0},
				"south": {"uv": [5.008, 2.008, 5.492, 2.492], "texture": "#4", "tintindex": 0},
				"west": {"uv": [5.008, 2.008, 5.492, 2.492], "texture": "#4", "tintindex": 0},
				"up": {"uv": [5.008, 2.008, 5.492, 2.492], "texture": "#4", "tintindex": 0},
				"down": {"uv": [5.008, 2.008, 5.492, 2.492], "texture": "#4", "tintindex": 0}
			}
		},
		{
			"from": [11, 11, 7.5],
			"to": [12, 12, 8.5],
			"faces": {
				"north": {"uv": [5.508, 2.008, 5.992, 2.492], "texture": "#4", "tintindex": 0},
				"east": {"uv": [5.508, 2.008, 5.992, 2.492], "texture": "#4", "tintindex": 0},
				"south": {"uv": [5.508, 2.008, 5.992, 2.492], "texture": "#4", "tintindex": 0},
				"west": {"uv": [5.508, 2.008, 5.992, 2.492], "texture": "#4", "tintindex": 0},
				"up": {"uv": [5.508, 2.008, 5.992, 2.492], "texture": "#4", "tintindex": 0},
				"down": {"uv": [5.508, 2.008, 5.992, 2.492], "texture": "#4", "tintindex": 0}
			}
		},
		{
			"from": [9, 11, 7.9],
			"to": [10, 12, 8.1],
			"faces": {
				"north": {"uv": [7.508, 0.008, 7.992, 0.492], "texture": "#4", "tintindex": 0},
				"east": {"uv": [7.508, 0.008, 7.992, 0.492], "texture": "#4", "tintindex": 0},
				"south": {"uv": [7.508, 0.008, 7.992, 0.492], "texture": "#4", "tintindex": 0},
				"west": {"uv": [7.508, 0.008, 7.992, 0.492], "texture": "#4", "tintindex": 0},
				"up": {"uv": [7.508, 0.008, 7.992, 0.492], "texture": "#4", "tintindex": 0},
				"down": {"uv": [7.508, 0.008, 7.992, 0.492], "texture": "#4", "tintindex": 0}
			}
		},
		{
			"from": [9, 10, 7.7],
			"to": [10, 11, 8.3],
			"faces": {
				"north": {"uv": [4.508, 2.508, 4.992, 2.992], "texture": "#4", "tintindex": 0},
				"east": {"uv": [4.508, 2.508, 4.992, 2.992], "texture": "#4", "tintindex": 0},
				"south": {"uv": [4.508, 2.508, 4.992, 2.992], "texture": "#4", "tintindex": 0},
				"west": {"uv": [4.508, 2.508, 4.992, 2.992], "texture": "#4", "tintindex": 0},
				"up": {"uv": [4.508, 2.508, 4.992, 2.992], "texture": "#4", "tintindex": 0},
				"down": {"uv": [4.508, 2.508, 4.992, 2.992], "texture": "#4", "tintindex": 0}
			}
		},
		{
			"from": [10, 10, 7.5],
			"to": [11, 11, 8.5],
			"faces": {
				"north": {"uv": [5.008, 2.508, 5.492, 2.992], "texture": "#4", "tintindex": 0},
				"east": {"uv": [5.008, 2.508, 5.492, 2.992], "texture": "#4", "tintindex": 0},
				"south": {"uv": [5.008, 2.508, 5.492, 2.992], "texture": "#4", "tintindex": 0},
				"west": {"uv": [5.008, 2.508, 5.492, 2.992], "texture": "#4", "tintindex": 0},
				"up": {"uv": [5.008, 2.508, 5.492, 2.992], "texture": "#4", "tintindex": 0},
				"down": {"uv": [5.008, 2.508, 5.492, 2.992], "texture": "#4", "tintindex": 0}
			}
		},
		{
			"from": [8, 10, 7.9],
			"to": [9, 11, 8.1],
			"faces": {
				"north": {"uv": [7.508, 0.008, 7.992, 0.492], "texture": "#4", "tintindex": 0},
				"east": {"uv": [7.508, 0.008, 7.992, 0.492], "texture": "#4", "tintindex": 0},
				"south": {"uv": [7.508, 0.008, 7.992, 0.492], "texture": "#4", "tintindex": 0},
				"west": {"uv": [7.508, 0.008, 7.992, 0.492], "texture": "#4", "tintindex": 0},
				"up": {"uv": [7.508, 0.008, 7.992, 0.492], "texture": "#4", "tintindex": 0},
				"down": {"uv": [7.508, 0.008, 7.992, 0.492], "texture": "#4", "tintindex": 0}
			}
		},
		{
			"from": [10, 8, 7.9],
			"to": [11, 9, 8.1],
			"faces": {
				"north": {"uv": [4.008, 4.508, 4.492, 4.992], "texture": "#4", "tintindex": 0},
				"east": {"uv": [4.008, 4.508, 4.492, 4.992], "texture": "#4", "tintindex": 0},
				"south": {"uv": [5.008, 3.508, 5.492, 3.992], "texture": "#4", "tintindex": 0},
				"west": {"uv": [4.008, 4.508, 4.492, 4.992], "texture": "#4", "tintindex": 0},
				"up": {"uv": [4.008, 4.508, 4.492, 4.992], "texture": "#4", "tintindex": 0},
				"down": {"uv": [4.008, 4.508, 4.492, 4.992], "texture": "#4", "tintindex": 0}
			}
		},
		{
			"from": [9, 7, 7.9],
			"to": [10, 8, 8.1],
			"faces": {
				"north": {"uv": [4.008, 4.508, 4.492, 4.992], "texture": "#4", "tintindex": 0},
				"east": {"uv": [4.008, 4.508, 4.492, 4.992], "texture": "#4", "tintindex": 0},
				"south": {"uv": [4.508, 4.008, 4.992, 4.492], "texture": "#4", "tintindex": 0},
				"west": {"uv": [4.008, 4.508, 4.492, 4.992], "texture": "#4", "tintindex": 0},
				"up": {"uv": [4.008, 4.508, 4.492, 4.992], "texture": "#4", "tintindex": 0},
				"down": {"uv": [4.008, 4.508, 4.492, 4.992], "texture": "#4", "tintindex": 0}
			}
		},
		{
			"from": [6, 8, 7.9],
			"to": [7, 9, 8.1],
			"faces": {
				"north": {"uv": [7.508, 0.008, 7.992, 0.492], "texture": "#4", "tintindex": 0},
				"east": {"uv": [7.508, 0.008, 7.992, 0.492], "texture": "#4", "tintindex": 0},
				"south": {"uv": [7.508, 0.008, 7.992, 0.492], "texture": "#4", "tintindex": 0},
				"west": {"uv": [7.508, 0.008, 7.992, 0.492], "texture": "#4", "tintindex": 0},
				"up": {"uv": [7.508, 0.008, 7.992, 0.492], "texture": "#4", "tintindex": 0},
				"down": {"uv": [7.508, 0.008, 7.992, 0.492], "texture": "#4", "tintindex": 0}
			}
		},
		{
			"from": [7, 7, 7.5],
			"to": [8, 8, 8.5],
			"faces": {
				"north": {"uv": [3.508, 4.008, 3.992, 4.492], "texture": "#4", "tintindex": 0},
				"east": {"uv": [3.508, 4.008, 3.992, 4.492], "texture": "#4", "tintindex": 0},
				"south": {"uv": [3.508, 4.008, 3.992, 4.492], "texture": "#4", "tintindex": 0},
				"west": {"uv": [3.508, 4.008, 3.992, 4.492], "texture": "#4", "tintindex": 0},
				"up": {"uv": [3.508, 4.008, 3.992, 4.492], "texture": "#4", "tintindex": 0},
				"down": {"uv": [3.508, 4.008, 3.992, 4.492], "texture": "#4", "tintindex": 0}
			}
		},
		{
			"from": [8, 7, 7.7],
			"to": [9, 8, 8.3],
			"faces": {
				"north": {"uv": [4.008, 4.008, 4.492, 4.492], "texture": "#4", "tintindex": 0},
				"east": {"uv": [4.008, 4.008, 4.492, 4.492], "texture": "#4", "tintindex": 0},
				"south": {"uv": [4.008, 4.008, 4.492, 4.492], "texture": "#4", "tintindex": 0},
				"west": {"uv": [4.008, 4.008, 4.492, 4.492], "texture": "#4", "tintindex": 0},
				"up": {"uv": [4.008, 4.008, 4.492, 4.492], "texture": "#4", "tintindex": 0},
				"down": {"uv": [4.008, 4.008, 4.492, 4.492], "texture": "#4", "tintindex": 0}
			}
		},
		{
			"from": [8, 6, 7.9],
			"to": [9, 7, 8.1],
			"faces": {
				"north": {"uv": [4.008, 4.508, 4.492, 4.992], "texture": "#4", "tintindex": 0},
				"east": {"uv": [4.008, 4.508, 4.492, 4.992], "texture": "#4", "tintindex": 0},
				"south": {"uv": [4.008, 4.508, 4.492, 4.992], "texture": "#4", "tintindex": 0},
				"west": {"uv": [4.008, 4.508, 4.492, 4.992], "texture": "#4", "tintindex": 0},
				"up": {"uv": [4.008, 4.508, 4.492, 4.992], "texture": "#4", "tintindex": 0},
				"down": {"uv": [4.008, 4.508, 4.492, 4.992], "texture": "#4", "tintindex": 0}
			}
		},
		{
			"from": [7, 6, 7.7],
			"to": [8, 7, 8.3],
			"faces": {
				"north": {"uv": [3.508, 4.508, 3.992, 4.992], "texture": "#4", "tintindex": 0},
				"east": {"uv": [3.508, 4.508, 3.992, 4.992], "texture": "#4", "tintindex": 0},
				"south": {"uv": [3.508, 4.508, 3.992, 4.992], "texture": "#4", "tintindex": 0},
				"west": {"uv": [3.508, 4.508, 3.992, 4.992], "texture": "#4", "tintindex": 0},
				"up": {"uv": [3.508, 4.508, 3.992, 4.992], "texture": "#4", "tintindex": 0},
				"down": {"uv": [3.508, 4.508, 3.992, 4.992], "texture": "#4", "tintindex": 0}
			}
		},
		{
			"from": [7, 5, 7.5],
			"to": [8, 6, 8.5],
			"faces": {
				"north": {"uv": [3.508, 5.008, 3.992, 5.492], "texture": "#4", "tintindex": 0},
				"east": {"uv": [3.508, 5.008, 3.992, 5.492], "texture": "#4", "tintindex": 0},
				"south": {"uv": [3.508, 5.008, 3.992, 5.492], "texture": "#4", "tintindex": 0},
				"west": {"uv": [3.508, 5.008, 3.992, 5.492], "texture": "#4", "tintindex": 0},
				"up": {"uv": [3.508, 5.008, 3.992, 5.492], "texture": "#4", "tintindex": 0},
				"down": {"uv": [3.508, 5.008, 3.992, 5.492], "texture": "#4", "tintindex": 0}
			}
		}
	],
	"display": {
		"thirdperson_righthand": {
			"rotation": [0, -90, 55],
			"translation": [0, 4, 0.5],
			"scale": [0.85, 0.85, 0.85]
		},
		"thirdperson_lefthand": {
			"rotation": [0, 90, -55],
			"translation": [0, 4, 0.5],
			"scale": [0.85, 0.85, 0.85]
		},
		"firstperson_righthand": {
			"rotation": [0, -90, 25],
			"translation": [1.13, 3.2, 1.13],
			"scale": [0.68, 0.68, 0.68]
		},
		"firstperson_lefthand": {
			"rotation": [0, 90, -25],
			"translation": [1.13, 3.2, 1.13],
			"scale": [0.68, 0.68, 0.68]
		},
		"ground": {
			"translation": [0, 2, 0],
			"scale": [0.5, 0.5, 0.5]
		},
		"gui": {
			"rotation": [13, 148, -2],
			"scale": [0.75, 0.75, 0.75]
		},
		"head": {
			"rotation": [173, -180, 85],
			"translation": [-6, 9.25, -2]
		}
	}
}