{
	"credit": "made by: brainsynder",
	"ambientocclusion": false,
	"textures": {
		"0": "block/black_wool",
		"1": "block/white_concrete",
		"2": "block/black_concrete",
		"particle": "block/black_concrete"
	},
	"elements": [
		{
			"from": [2.5, 0, 2.5],
			"to": [13.5, 1.5, 13.5],
			"faces": {
				"north": {"uv": [0, 0, 11, 1.5], "texture": "#0"},
				"east": {"uv": [0, 0, 11, 1.5], "texture": "#0"},
				"south": {"uv": [0, 0, 11, 1.5], "texture": "#0"},
				"west": {"uv": [0, 0, 11, 1.5], "texture": "#0"},
				"up": {"uv": [0, 0, 11, 11], "texture": "#0"},
				"down": {"uv": [0, 0, 11, 11], "texture": "#0"}
			}
		},
		{
			"name": "inside",
			"from": [4, -0.1, 4],
			"to": [12, 1.4, 12],
			"faces": {
				"north": {"uv": [0, 0, 11, 1.5], "texture": "#2"},
				"east": {"uv": [0, 0, 11, 1.5], "texture": "#2"},
				"south": {"uv": [0, 0, 11, 1.5], "texture": "#2"},
				"west": {"uv": [0, 0, 11, 1.5], "texture": "#2"},
				"up": {"uv": [0, 0, 11, 11], "texture": "#2"},
				"down": {"uv": [0, 0, 11, 11], "texture": "#2"}
			}
		},
		{
			"from": [4, 1.5, 4],
			"to": [12, 7.55, 12],
			"faces": {
				"north": {"uv": [0, 0, 8, 6.05], "texture": "#0"},
				"east": {"uv": [0, 0, 8, 6.05], "texture": "#0"},
				"south": {"uv": [0, 0, 8, 6.05], "texture": "#0"},
				"west": {"uv": [0, 0, 8, 6.05], "texture": "#0"},
				"up": {"uv": [0, 0, 8, 8], "texture": "#0"},
				"down": {"uv": [0, 0, 8, 8], "texture": "#0"}
			}
		},
		{
			"name": "colored",
			"from": [3.85, 2.5, 3.85],
			"to": [12.15, 4.5, 12.1],
			"faces": {
				"north": {"uv": [0, 0, 8.3, 2], "texture": "#1", "tintindex": 0},
				"east": {"uv": [0, 0, 8.3, 2], "texture": "#1", "tintindex": 0},
				"south": {"uv": [0, 0, 8.3, 2], "texture": "#1", "tintindex": 0},
				"west": {"uv": [0, 0, 8.3, 2], "texture": "#1", "tintindex": 0},
				"up": {"uv": [0, 0, 8.3, 2], "texture": "#1", "tintindex": 0},
				"down": {"uv": [0, 0, 8.3, 2], "texture": "#1", "tintindex": 0}
			}
		},
		{
			"from": [3.75, 2.4, 3.75],
			"to": [12.25, 2.6, 12.2],
			"faces": {
				"north": {"uv": [0, 0, 8.5, 0.2], "texture": "#0"},
				"east": {"uv": [0, 0, 8.45, 0.2], "texture": "#0"},
				"south": {"uv": [0, 0, 8.5, 0.2], "texture": "#0"},
				"west": {"uv": [0, 0, 8.45, 0.2], "texture": "#0"},
				"up": {"uv": [0, 0, 8.5, 8.45], "texture": "#0"},
				"down": {"uv": [0, 0, 8.5, 8.45], "texture": "#0"}
			}
		},
		{
			"from": [3.75, 4.4, 3.75],
			"to": [12.25, 4.6, 12.2],
			"faces": {
				"north": {"uv": [0, 0, 8.5, 0.2], "texture": "#0"},
				"east": {"uv": [0, 0, 8.45, 0.2], "texture": "#0"},
				"south": {"uv": [0, 0, 8.5, 0.2], "texture": "#0"},
				"west": {"uv": [0, 0, 8.45, 0.2], "texture": "#0"},
				"up": {"uv": [0, 0, 8.5, 8.45], "texture": "#0"},
				"down": {"uv": [0, 0, 8.5, 8.45], "texture": "#0"}
			}
		}
	],
	"display": {
		"thirdperson_righthand": {
			"rotation": [-116, -25, -24],
			"translation": [1.25, 2, -2.25],
			"scale": [0.5, 0.5, 0.5]
		},
		"thirdperson_lefthand": {
			"rotation": [-116, -25, -24],
			"translation": [1.25, 2, -2.25],
			"scale": [0.5, 0.5, 0.5]
		},
		"firstperson_righthand": {
			"rotation": [-149, 27, -11],
			"translation": [0, 1.25, 0.5],
			"scale": [0.5, 0.5, 0.5]
		},
		"firstperson_lefthand": {
			"rotation": [-149, 27, -11],
			"translation": [0, 1.25, 0.5],
			"scale": [0.5, 0.5, 0.5]
		},
		"ground": {
			"translation": [0, 1.25, 0],
			"scale": [0.5, 0.5, 0.5]
		},
		"gui": {
			"rotation": [26, 14, 0],
			"translation": [0, 3.75, 0]
		},
		"head": {
			"translation": [0, 18.5, 0],
			"scale": [1.5, 1.5, 1.5]
		},
		"fixed": {
			"rotation": [-90, 0, 0],
			"translation": [0, 0, -8.25]
		}
	}
}