{
  "parent":"item/generated",
  "textures":{
    "layer0":"item/structure_void"
  },
  "overrides":[
    {
      "predicate":{
        "custom_model_data":1
      },
      "model":"blockbench/pancake"
    },
    {
      "predicate":{
        "custom_model_data":2
      },
      "model":"blockbench/arrow_head"
    },
    {
      "predicate":{
        "custom_model_data":3
      },
      "model":"blockbench/beard"
    },
    {
      "predicate":{
        "custom_model_data":4
      },
      "model":"blockbench/penut_butter"
    },
    {
      "predicate":{
        "custom_model_data":10
      },
      "model":"blockbench/blue_backpack"
    }
  ]
}