{
	"credit": "made by: brainsynder",
	"ambientocclusion": false,
	"texture_size": [128, 64],
	"textures": {
		"2": "blockbench/pancake"
	},
	"elements": [
		{
			"name": "plate",
			"from": [4.5, 0, 4.55],
			"to": [11.5, 0.5, 11.55],
			"rotation": {"angle": 0, "axis": "y", "origin": [8, 0, 8]},
			"faces": {
				"north": {"uv": [0, 0, 8, 0.5], "texture": "#2"},
				"east": {"uv": [0, 0, 8, 0.5], "texture": "#2"},
				"south": {"uv": [0, 0, 8, 0.5], "texture": "#2"},
				"west": {"uv": [0, 0, 8, 0.5], "texture": "#2"},
				"up": {"uv": [0, 0, 8, 16], "texture": "#2"},
				"down": {"uv": [0, 0, 8, 16], "texture": "#2"}
			}
		},
		{
			"name": "pancake1",
			"from": [6, 0.5, 6],
			"to": [10, 1.25, 10],
			"rotation": {"angle": 0, "axis": "y", "origin": [8, 0, 8]},
			"faces": {
				"north": {"uv": [8, 2.25, 9, 2.75], "texture": "#2"},
				"east": {"uv": [8, 2.25, 9, 2.75], "texture": "#2"},
				"south": {"uv": [8, 2.25, 9, 2.75], "texture": "#2"},
				"west": {"uv": [8, 2.25, 9, 2.75], "texture": "#2"},
				"up": {"uv": [8, 2, 8.125, 2.25], "texture": "#2"},
				"down": {"uv": [8, 0, 10, 4], "texture": "#2"}
			}
		},
		{
			"name": "pancake2",
			"from": [6, 1.25, 6],
			"to": [10, 2, 10],
			"rotation": {"angle": 22.5, "axis": "y", "origin": [8, 1.625, 8]},
			"faces": {
				"north": {"uv": [8, 2.25, 9, 2.75], "texture": "#2"},
				"east": {"uv": [8, 2.25, 9, 2.75], "texture": "#2"},
				"south": {"uv": [8, 2.25, 9, 2.75], "texture": "#2"},
				"west": {"uv": [8, 2.25, 9, 2.75], "texture": "#2"},
				"up": {"uv": [8, 2, 8.125, 2.25], "texture": "#2"},
				"down": {"uv": [8, 0, 10, 4], "texture": "#2"}
			}
		},
		{
			"name": "pancake3",
			"from": [6, 2, 6],
			"to": [10, 2.75, 10],
			"rotation": {"angle": -22.5, "axis": "y", "origin": [8, 2.375, 8]},
			"faces": {
				"north": {"uv": [8, 2.25, 9, 2.75], "texture": "#2"},
				"east": {"uv": [8, 2.25, 9, 2.75], "texture": "#2"},
				"south": {"uv": [8, 2.25, 9, 2.75], "texture": "#2"},
				"west": {"uv": [8, 2.25, 9, 2.75], "texture": "#2"},
				"up": {"uv": [8, 2, 8.125, 2.25], "texture": "#2"},
				"down": {"uv": [8, 0, 10, 4], "texture": "#2"}
			}
		},
		{
			"name": "pancake4",
			"from": [6, 2.75, 6],
			"to": [10, 3.5, 10],
			"rotation": {"angle": 0, "axis": "y", "origin": [8, 0, 8]},
			"faces": {
				"north": {"uv": [8, 2.25, 9, 2.75], "texture": "#2"},
				"east": {"uv": [8, 2.25, 9, 2.75], "texture": "#2"},
				"south": {"uv": [8, 2.25, 9, 2.75], "texture": "#2"},
				"west": {"uv": [8, 2.25, 9, 2.75], "texture": "#2"},
				"up": {"uv": [9, 0, 10, 2], "texture": "#2"},
				"down": {"uv": [8, 0, 10, 4], "texture": "#2"}
			}
		},
		{
			"from": [8.5, 3.4, 8.5],
			"to": [9, 3.65, 9],
			"rotation": {"angle": 0, "axis": "y", "origin": [8, 0, 8]},
			"faces": {
				"north": {"uv": [9.75, 1.25, 9.625, 1.5], "texture": "#2"},
				"east": {"uv": [9.75, 1.25, 9.625, 1.5], "texture": "#2"},
				"south": {"uv": [9.75, 1.25, 9.625, 1.5], "texture": "#2"},
				"west": {"uv": [9.75, 1.25, 9.625, 1.5], "texture": "#2"},
				"up": {"uv": [9.75, 1.25, 9.625, 1.5], "texture": "#2"},
				"down": {"uv": [8, 0, 8.25, 0.5], "texture": "#2"}
			}
		},
		{
			"from": [8, 3.4, 6.5],
			"to": [8.5, 3.65, 7],
			"rotation": {"angle": 0, "axis": "y", "origin": [8, 0, 8]},
			"faces": {
				"north": {"uv": [9.625, 0.25, 9.5, 0.5], "texture": "#2"},
				"east": {"uv": [9.625, 0.25, 9.5, 0.5], "texture": "#2"},
				"south": {"uv": [9.625, 0.25, 9.5, 0.5], "texture": "#2"},
				"west": {"uv": [9.625, 0.25, 9.5, 0.5], "texture": "#2"},
				"up": {"uv": [9.625, 0.25, 9.5, 0.5], "texture": "#2"},
				"down": {"uv": [8, 0, 8.25, 0.5], "texture": "#2"}
			}
		},
		{
			"from": [6.5, 3.4, 7.5],
			"to": [9, 3.65, 8.5],
			"rotation": {"angle": 0, "axis": "y", "origin": [8, 0, 8]},
			"faces": {
				"north": {"uv": [9.75, 0.75, 9.125, 1], "rotation": 180, "texture": "#2"},
				"east": {"uv": [9.75, 0.75, 9.625, 1.25], "rotation": 180, "texture": "#2"},
				"south": {"uv": [9.75, 1, 9.125, 1.25], "rotation": 180, "texture": "#2"},
				"west": {"uv": [9.25, 0.75, 9.125, 1.25], "rotation": 180, "texture": "#2"},
				"up": {"uv": [9.75, 0.75, 9.125, 1.25], "rotation": 180, "texture": "#2"},
				"down": {"uv": [8, 0, 9.25, 1], "texture": "#2"}
			}
		},
		{
			"from": [7, 3.4, 7],
			"to": [9, 3.65, 7.5],
			"rotation": {"angle": 0, "axis": "y", "origin": [8, 0, 8]},
			"faces": {
				"north": {"uv": [9.75, 0.5, 9.25, 0.75], "texture": "#2"},
				"east": {"uv": [9.75, 0.5, 9.25, 0.75], "texture": "#2"},
				"south": {"uv": [9.75, 0.5, 9.25, 0.75], "texture": "#2"},
				"west": {"uv": [9.75, 0.5, 9.25, 0.75], "texture": "#2"},
				"up": {"uv": [9.75, 0.5, 9.25, 0.75], "texture": "#2"},
				"down": {"uv": [8, 0, 9, 0.5], "texture": "#2"}
			}
		}
	],
	"display": {
		"thirdperson_righthand": {
			"rotation": [61, 0, 0],
			"translation": [0, 3.25, 3.5],
			"scale": [0.5, 0.5, 0.5]
		},
		"thirdperson_lefthand": {
			"rotation": [61, 0, 0],
			"translation": [0, 3.25, 3.5],
			"scale": [0.5, 0.5, 0.5]
		},
		"firstperson_righthand": {
			"translation": [0, 7.75, 0]
		},
		"firstperson_lefthand": {
			"translation": [0, 7.75, 0]
		},
		"ground": {
			"translation": [0, 9, 0],
			"scale": [1.5, 1.5, 1.5]
		},
		"gui": {
			"rotation": [20, 25, 0],
			"translation": [0, 9.5, 0],
			"scale": [1.5, 1.6, 1.5]
		},
		"head": {
			"translation": [0, 22.5, 0],
			"scale": [2, 2, 2]
		},
		"fixed": {
			"rotation": [-90, 0, 0],
			"translation": [0, -0.5, -12.5],
			"scale": [1.5, 1.5, 1.5]
		}
	}
}