{
	"credit": "made by: brainsynder",
	"ambientocclusion": false,
	"textures": {
		"0": "entity/cat/jellie",
		"1": "block/white_wool",
		"particle": "block/white_wool"
	},
	"elements": [
		{
			"name": "head",
			"from": [5.5, 11.2, -2.1],
			"to": [10.5, 15.2, 2.9],
			"rotation": {"angle": 0, "axis": "y", "origin": [8, 7.72165, 0.87658]},
			"faces": {
				"north": {"uv": [1.25, 2.5, 2.5, 4.5], "texture": "#0"},
				"east": {"uv": [0, 2.5, 1.25, 4.5], "texture": "#0"},
				"south": {"uv": [3.75, 2.5, 5, 4.5], "texture": "#0"},
				"west": {"uv": [2.5, 2.5, 3.75, 4.5], "texture": "#0"},
				"up": {"uv": [2.5, 2.5, 1.25, 0], "texture": "#0"},
				"down": {"uv": [3.75, 0, 2.5, 2.5], "texture": "#0"}
			}
		},
		{
			"name": "head",
			"from": [6.5, 11.22, -3.1],
			"to": [9.5, 13.22, -1.1],
			"rotation": {"angle": 0, "axis": "y", "origin": [8, 7.72165, 0.87658]},
			"faces": {
				"north": {"uv": [0.5, 13, 1.25, 14], "texture": "#0"},
				"east": {"uv": [0, 13, 0.5, 14], "texture": "#0"},
				"south": {"uv": [1.75, 13, 2.5, 14], "texture": "#0"},
				"west": {"uv": [1.25, 13, 1.75, 14], "texture": "#0"},
				"up": {"uv": [1.25, 13, 0.5, 12], "texture": "#0"},
				"down": {"uv": [2, 12, 1.25, 13], "texture": "#0"}
			}
		},
		{
			"name": "head",
			"from": [9, 15.2, 0.9],
			"to": [10, 16.2, 2.9],
			"rotation": {"angle": 0, "axis": "y", "origin": [8, 7.72165, 0.87658]},
			"faces": {
				"north": {"uv": [0.5, 6, 0.75, 6.5], "texture": "#0"},
				"east": {"uv": [0, 6, 0.5, 6.5], "texture": "#0"},
				"south": {"uv": [1.25, 6, 1.5, 6.5], "texture": "#0"},
				"west": {"uv": [0.75, 6, 1.25, 6.5], "texture": "#0"},
				"up": {"uv": [0.75, 6, 0.5, 5], "texture": "#0"},
				"down": {"uv": [1, 5, 0.75, 6], "texture": "#0"}
			}
		},
		{
			"name": "head",
			"from": [6, 15.2, 0.9],
			"to": [7, 16.2, 2.9],
			"rotation": {"angle": 0, "axis": "y", "origin": [8, 7.72165, 0.87658]},
			"faces": {
				"north": {"uv": [2, 6, 2.25, 6.5], "texture": "#0"},
				"east": {"uv": [1.5, 6, 2, 6.5], "texture": "#0"},
				"south": {"uv": [2.75, 6, 3, 6.5], "texture": "#0"},
				"west": {"uv": [2.25, 6, 2.75, 6.5], "texture": "#0"},
				"up": {"uv": [2.25, 6, 2, 5], "texture": "#0"},
				"down": {"uv": [2.5, 5, 2.25, 6], "texture": "#0"}
			}
		},
		{
			"name": "body",
			"from": [6, 6.2, -1.8],
			"to": [10, 12.2, 14.2],
			"rotation": {"angle": 45, "axis": "x", "origin": [8, 5.2, 3.2]},
			"faces": {
				"north": {"uv": [7.5, 3, 6.5, 0], "rotation": 180, "texture": "#0"},
				"east": {"uv": [5, 3, 6.5, 11], "rotation": 90, "texture": "#0"},
				"south": {"uv": [8.5, 0, 7.5, 3], "texture": "#0"},
				"west": {"uv": [7.5, 3, 9, 11], "rotation": 270, "texture": "#0"},
				"up": {"uv": [9, 3, 10, 11], "texture": "#0"},
				"down": {"uv": [6.5, 3, 7.5, 11], "rotation": 180, "texture": "#0"}
			}
		},
		{
			"name": "front_left_leg",
			"from": [5.9, 0, 2],
			"to": [7.9, 10, 4],
			"rotation": {"angle": 0, "axis": "x", "origin": [6.9, 5, 3]},
			"faces": {
				"north": {"uv": [10.5, 1, 11, 6], "texture": "#0"},
				"east": {"uv": [10, 1, 10.5, 6], "texture": "#0"},
				"south": {"uv": [11.5, 1, 12, 6], "texture": "#0"},
				"west": {"uv": [11, 1, 11.5, 6], "texture": "#0"},
				"up": {"uv": [11, 1, 10.5, 0], "texture": "#0"},
				"down": {"uv": [11.5, 0, 11, 1], "texture": "#0"}
			}
		},
		{
			"name": "front_right_leg",
			"from": [8.1, 0, 2],
			"to": [10.1, 10, 4],
			"rotation": {"angle": 0, "axis": "y", "origin": [8, 7.72165, 0.87658]},
			"faces": {
				"north": {"uv": [10.5, 1, 11, 6], "texture": "#0"},
				"east": {"uv": [10, 1, 10.5, 6], "texture": "#0"},
				"south": {"uv": [11.5, 1, 12, 6], "texture": "#0"},
				"west": {"uv": [10, 1, 10.5, 6], "texture": "#0"},
				"up": {"uv": [11, 1, 10.5, 0], "texture": "#0"},
				"down": {"uv": [11.5, 0, 11, 1], "texture": "#0"}
			}
		},
		{
			"name": "back_left_leg",
			"from": [5.9, 0, 6.2],
			"to": [7.9, 2, 12.2],
			"rotation": {"angle": 0, "axis": "x", "origin": [6.9, -0.6, 6.9]},
			"faces": {
				"north": {"uv": [3.5, 6.5, 3, 7.5], "rotation": 180, "texture": "#0"},
				"east": {"uv": [2, 7.5, 2.5, 10.5], "rotation": 270, "texture": "#0"},
				"south": {"uv": [3, 7.5, 2.5, 6.5], "texture": "#0"},
				"west": {"uv": [3, 7.5, 3.5, 10.5], "rotation": 90, "texture": "#0"},
				"up": {"uv": [2.5, 7.5, 3, 10.5], "rotation": 180, "texture": "#0"},
				"down": {"uv": [3.5, 7.5, 4, 10.5], "texture": "#0"}
			}
		},
		{
			"name": "back_right_leg",
			"from": [8.1, 0, 6.2],
			"to": [10.1, 2, 12.2],
			"rotation": {"angle": 0, "axis": "x", "origin": [9.1, 0, 6.5]},
			"faces": {
				"north": {"uv": [3.5, 6.5, 3, 7.5], "rotation": 180, "texture": "#0"},
				"east": {"uv": [2, 7.5, 2.5, 10.5], "rotation": 270, "texture": "#0"},
				"south": {"uv": [3, 7.5, 2.5, 6.5], "texture": "#0"},
				"west": {"uv": [3, 7.5, 3.5, 10.5], "rotation": 90, "texture": "#0"},
				"up": {"uv": [2.5, 7.5, 3, 10.5], "rotation": 180, "texture": "#0"},
				"down": {"uv": [3.5, 7.5, 4, 10.5], "texture": "#0"}
			}
		},
		{
			"from": [13.49, 3.45, 0.7],
			"to": [14.49, 5.05, 1.4],
			"rotation": {"angle": 0, "axis": "y", "origin": [14, 4.55, 1.35]},
			"faces": {
				"west": {"uv": [0, 0, 0.7, 1.6], "texture": "#1", "tintindex": 0}
			}
		},
		{
			"from": [13.49, 4.35, 1.4],
			"to": [14.49, 5.05, 14.7],
			"rotation": {"angle": 0, "axis": "y", "origin": [14, 4.55, 1.35]},
			"faces": {
				"west": {"uv": [0, 0, 13.3, 0.9], "texture": "#1", "tintindex": 0}
			}
		},
		{
			"from": [2.559, 4.35, 1.4],
			"to": [3.559, 5.05, 14.75],
			"rotation": {"angle": 0, "axis": "y", "origin": [14, 4.55, 1.35]},
			"faces": {
				"east": {"uv": [0.3, 0, 13.65, 0.9], "texture": "#1", "tintindex": 0}
			}
		},
		{
			"from": [2.559, 3.45, 0.7],
			"to": [3.559, 5.05, 1.4],
			"rotation": {"angle": 0, "axis": "y", "origin": [14, 4.55, 1.35]},
			"faces": {
				"east": {"uv": [0, 0, 0.7, 1.6], "texture": "#1", "tintindex": 0}
			}
		},
		{
			"from": [3, 4.35, 14.599],
			"to": [14.2, 5.55, 15.299],
			"rotation": {"angle": 0, "axis": "y", "origin": [14, 4.55, 1.45]},
			"faces": {
				"north": {"uv": [0.016, 0.016, 11.2, 0.984], "texture": "#1", "tintindex": 0}
			}
		},
		{
			"name": "front",
			"from": [3, -1, -0.1],
			"to": [14, 3.5, 1.4],
			"faces": {
				"north": {"uv": [0.032, 0.032, 10.968, 4.5], "texture": "#1", "tintindex": 0},
				"east": {"uv": [0.032, 0.032, 1.5, 4.5], "texture": "#1", "tintindex": 0},
				"south": {"uv": [0.032, 0.032, 10.968, 4.5], "texture": "#1"},
				"west": {"uv": [0.032, 0.032, 1.5, 4.5], "texture": "#1", "tintindex": 0},
				"up": {"uv": [0.032, 0.032, 10.968, 1.5], "texture": "#1", "tintindex": 0},
				"down": {"uv": [0.032, 0.032, 10.968, 1.5], "texture": "#1", "tintindex": 0}
			}
		},
		{
			"name": "back",
			"from": [3, -0.95, 14.6],
			"to": [14.2, 5.55, 16],
			"faces": {
				"north": {"uv": [0.032, 0.032, 11.2, 6.5], "texture": "#1"},
				"east": {"uv": [0.032, 0.032, 1.4, 6.5], "texture": "#1", "tintindex": 0},
				"south": {"uv": [0.032, 0.032, 11.2, 6.5], "texture": "#1", "tintindex": 0},
				"west": {"uv": [0.032, 0.032, 1.4, 6.5], "texture": "#1", "tintindex": 0},
				"up": {"uv": [0.032, 0.032, 11.2, 1.4], "texture": "#1", "tintindex": 0},
				"down": {"uv": [0.032, 0.032, 11.2, 1.4], "texture": "#1", "tintindex": 0}
			}
		},
		{
			"name": "side",
			"from": [13.5, -0.95, 0.7],
			"to": [15, 5.05, 15],
			"faces": {
				"north": {"uv": [0.032, 0.032, 1.5, 5.968], "texture": "#1", "tintindex": 0},
				"east": {"uv": [0.032, 0.032, 14.3, 5.968], "texture": "#1", "tintindex": 0},
				"south": {"uv": [0.032, 0.032, 1.5, 5.968], "texture": "#1", "tintindex": 0},
				"west": {"uv": [0.032, 0.032, 14.3, 5.968], "texture": "#1"},
				"up": {"uv": [0.032, 0.032, 1.5, 14.3], "texture": "#1", "tintindex": 0},
				"down": {"uv": [0.032, 0.032, 1.5, 14.3], "texture": "#1", "tintindex": 0}
			}
		},
		{
			"name": "side",
			"from": [2.05, -0.95, 0.7],
			"to": [3.55, 5.05, 15],
			"faces": {
				"north": {"uv": [0.032, 0.032, 1.5, 5.968], "texture": "#1", "tintindex": 0},
				"east": {"uv": [0.032, 0.032, 14.3, 5.968], "texture": "#1"},
				"south": {"uv": [0.032, 0.032, 1.5, 5.968], "texture": "#1", "tintindex": 0},
				"west": {"uv": [0.032, 0.032, 14.3, 5.968], "texture": "#1", "tintindex": 0},
				"up": {"uv": [0.032, 0.032, 1.5, 14.3], "texture": "#1", "tintindex": 0},
				"down": {"uv": [0.032, 0.032, 1.5, 14.3], "texture": "#1", "tintindex": 0}
			}
		},
		{
			"name": "bottom",
			"from": [3, -1.9, 0.7],
			"to": [14.2, -0.9, 15],
			"faces": {
				"north": {"uv": [0.032, 0.032, 11.2, 0.968], "texture": "#1", "tintindex": 0},
				"east": {"uv": [0.032, 0.032, 14.3, 0.968], "texture": "#1", "tintindex": 0},
				"south": {"uv": [0.032, 0.032, 11.2, 0.968], "texture": "#1", "tintindex": 0},
				"west": {"uv": [0.032, 0.032, 14.3, 0.968], "texture": "#1", "tintindex": 0},
				"up": {"uv": [0.032, 0.032, 11.2, 14.3], "texture": "#1"},
				"down": {"uv": [0.032, 0.032, 11.2, 14.3], "texture": "#1", "tintindex": 0}
			}
		}
	],
	"display": {
		"thirdperson_righthand": {
			"rotation": [55, 0, 0],
			"translation": [0, 3, 1.5],
			"scale": [0.25, 0.25, 0.25]
		},
		"thirdperson_lefthand": {
			"rotation": [55, 0, 0],
			"translation": [0, 3, 1.5],
			"scale": [0.25, 0.25, 0.25]
		},
		"firstperson_righthand": {
			"rotation": [-3, 131, 0],
			"translation": [0.75, 2.5, -1],
			"scale": [0.5, 0.5, 0.5]
		},
		"firstperson_lefthand": {
			"rotation": [-3, 131, 0],
			"translation": [0.75, 2.5, -1],
			"scale": [0.5, 0.5, 0.5]
		},
		"ground": {
			"translation": [0, 2.5, 0],
			"scale": [0.5, 0.5, 0.5]
		},
		"gui": {
			"rotation": [16, 154, -2],
			"translation": [0.25, 1.5, 0],
			"scale": [0.75, 0.75, 0.75]
		},
		"head": {
			"translation": [0, 16.75, 0]
		},
		"fixed": {
			"rotation": [-90, 0, 0],
			"translation": [0, 0, -9.75]
		}
	}
}