{
   "parent":"item/generated",
   "textures":{
      "layer0":"item/leather_horse_armor"
   },
   "overrides":[
      {
         "predicate":{
            "custom_model_data":1
         },
         "model":"colored/tophat"
      },
	  {
         "predicate":{
            "custom_model_data":2
         },
         "model":"colored/cat_bed_hat"
      },
	  {
         "predicate":{
            "custom_model_data":3
         },
         "model":"colored/colored_sword"
      },
	  {
         "predicate":{
            "custom_model_data":4
         },
         "model":"colored/colored_sword_blade_handle"
      },
	  {
         "predicate":{
            "custom_model_data":5
         },
         "model":"colored/colored_sword_blade"
      },
	  {
         "predicate":{
            "custom_model_data":6
         },
         "model":"colored/colored_sword_guard_handle"
      },
	  {
         "predicate":{
            "custom_model_data":7
         },
         "model":"colored/colored_sword_guard"
      },
	  {
         "predicate":{
            "custom_model_data":8
         },
         "model":"colored/ball_cap"
      }
   ]
}