{
  "parent":"item/generated",
  "textures":{
    "layer0":"item/structure_void"
  },
  "overrides":[
    {
      "predicate":{
        "custom_model_data":1
      },
      "model":"blockbench/pancake"
    },
    {
      "predicate":{
        "custom_model_data":2
      },
      "model":"blockbench/arrow_head"
    },
    {
      "predicate":{
        "custom_model_data":3
      },
      "model":"blockbench/beard"
    },
    {
      "predicate":{
        "custom_model_data":4
      },
      "model":"blockbench/penut_butter"
    },
    {
      "predicate":{
        "custom_model_data":5
      },
      "model":"blockbench/frog"
    },
    {
      "predicate":{
        "custom_model_data":6
      },
      "model":"mobs/bee"
    },
    {
      "predicate":{
        "custom_model_data":7
      },
      "model":"mobs/squid"
    },
    {
      "predicate":{
        "custom_model_data":8
      },
      "model":"mobs/glow_squid"
    },
    {
      "predicate":{
        "custom_model_data":9998
      },
      "model":"other/crafter"
    },
    {
      "predicate":{
        "custom_model_data":9999
      },
      "model":"blockbench/bs_horns"
    },
    {
      "predicate":{
        "custom_model_data":9999999
      },
      "model":"item/structure_void"
    }
  ]
}