{
	"credit": "made by: brainsynder",
	"ambientocclusion": false,
	"textures": {
		"0": "entity/bee/bee"
	},
	"elements": [
		{
			"name": "torso",
			"from": [4.5, 2, 3.77778],
			"to": [11.5, 9, 13.77778],
			"rotation": {"angle": 0, "axis": "y", "origin": [8, 0, 8.77778]},
			"faces": {
				"north": {"uv": [2.5, 2.5, 4.25, 4.25], "texture": "#0"},
				"east": {"uv": [0, 2.5, 2.5, 4.25], "texture": "#0"},
				"south": {"uv": [6.75, 2.5, 8.5, 4.25], "texture": "#0"},
				"west": {"uv": [4.25, 2.5, 6.75, 4.25], "texture": "#0"},
				"up": {"uv": [4.25, 2.5, 2.5, 0], "texture": "#0"},
				"down": {"uv": [6, 0, 4.25, 2.5], "texture": "#0"}
			}
		},
		{
			"name": "right_antenna",
			"from": [9.5, 7, 0.77778],
			"to": [10.5, 9, 3.77778],
			"rotation": {"angle": 0, "axis": "y", "origin": [8, 0, 8.77778]},
			"faces": {
				"north": {"uv": [1.25, 1.5, 1.5, 2], "texture": "#0"},
				"east": {"uv": [0.5, 1.5, 1.25, 2], "texture": "#0"},
				"south": {"uv": [2.25, 1.5, 2.5, 2], "texture": "#0"},
				"west": {"uv": [1.5, 1.5, 2.25, 2], "texture": "#0"},
				"up": {"uv": [1.5, 1.5, 1.25, 0.75], "texture": "#0"},
				"down": {"uv": [1.75, 0.75, 1.5, 1.5], "texture": "#0"}
			}
		},
		{
			"name": "stinger",
			"from": [8, 5, 13.77778],
			"to": [8, 6, 15.77778],
			"rotation": {"angle": 0, "axis": "y", "origin": [8, 0, 8.77778]},
			"faces": {
				"north": {"uv": [6.5, 2.25, 6.5, 2.5], "texture": "#0"},
				"east": {"uv": [6, 2.25, 6.5, 2.5], "texture": "#0"},
				"south": {"uv": [7, 2.25, 7, 2.5], "texture": "#0"},
				"west": {"uv": [6.5, 2.25, 7, 2.5], "texture": "#0"},
				"up": {"uv": [6.5, 2.25, 6.5, 1.75], "texture": "#0"},
				"down": {"uv": [6.5, 1.75, 6.5, 2.25], "texture": "#0"}
			}
		},
		{
			"name": "left_antenna",
			"from": [5.5, 7, 0.77778],
			"to": [6.5, 9, 3.77778],
			"rotation": {"angle": 0, "axis": "y", "origin": [8, 0, 8.77778]},
			"faces": {
				"north": {"uv": [1.25, 0.75, 1.5, 1.25], "texture": "#0"},
				"east": {"uv": [0.5, 0.75, 1.25, 1.25], "texture": "#0"},
				"south": {"uv": [2.25, 0.75, 2.5, 1.25], "texture": "#0"},
				"west": {"uv": [1.5, 0.75, 2.25, 1.25], "texture": "#0"},
				"up": {"uv": [1.5, 0.75, 1.25, 0], "texture": "#0"},
				"down": {"uv": [1.75, 0, 1.5, 0.75], "texture": "#0"}
			}
		},
		{
			"name": "back_legs",
			"from": [5.5, 0, 10.77778],
			"to": [10.5, 2, 10.77778],
			"rotation": {"angle": 0, "axis": "y", "origin": [8, 0, 8.77778]},
			"faces": {
				"north": {"uv": [6.75, 1.25, 8, 1.75], "texture": "#0"},
				"east": {"uv": [6.75, 1.25, 6.75, 1.75], "texture": "#0"},
				"south": {"uv": [8, 1.25, 9.25, 1.75], "texture": "#0"},
				"west": {"uv": [8, 1.25, 8, 1.75], "texture": "#0"},
				"up": {"uv": [8, 1.25, 6.75, 1.25], "texture": "#0"},
				"down": {"uv": [9.25, 1.25, 8, 1.25], "texture": "#0"}
			}
		},
		{
			"name": "middle_legs",
			"from": [5.5, 0, 8.77778],
			"to": [10.5, 2, 8.77778],
			"rotation": {"angle": 0, "axis": "y", "origin": [8, 0, 8.77778]},
			"faces": {
				"north": {"uv": [6.75, 0.75, 8, 1.25], "texture": "#0"},
				"east": {"uv": [6.75, 0.75, 6.75, 1.25], "texture": "#0"},
				"south": {"uv": [8, 0.75, 9.25, 1.25], "texture": "#0"},
				"west": {"uv": [8, 0.75, 8, 1.25], "texture": "#0"},
				"up": {"uv": [8, 0.75, 6.75, 0.75], "texture": "#0"},
				"down": {"uv": [9.25, 0.75, 8, 0.75], "texture": "#0"}
			}
		},
		{
			"name": "front_legs",
			"from": [6.5, 0, 6.77778],
			"to": [9.5, 2, 6.77778],
			"rotation": {"angle": 0, "axis": "y", "origin": [8, 0, 8.77778]},
			"faces": {
				"north": {"uv": [7, 0.25, 7.75, 0.75], "texture": "#0"},
				"east": {"uv": [7, 0.25, 7, 0.75], "texture": "#0"},
				"south": {"uv": [7.75, 0.25, 8.5, 0.75], "texture": "#0"},
				"west": {"uv": [7.75, 0.25, 7.75, 0.75], "texture": "#0"},
				"up": {"uv": [7.75, 0.25, 7, 0.25], "texture": "#0"},
				"down": {"uv": [8.5, 0.25, 7.75, 0.25], "texture": "#0"}
			}
		},
		{
			"name": "right_wing",
			"from": [9.5, 9, 5.77778],
			"to": [18.5, 9, 11.77778],
			"rotation": {"angle": 0, "axis": "y", "origin": [8, 0, 8.77778]},
			"faces": {
				"north": {"uv": [1.5, 6, 3.75, 6], "texture": "#0"},
				"east": {"uv": [0, 6, 1.5, 6], "texture": "#0"},
				"south": {"uv": [5.25, 6, 7.5, 6], "texture": "#0"},
				"west": {"uv": [3.75, 6, 5.25, 6], "texture": "#0"},
				"up": {"uv": [3.75, 6, 1.5, 4.5], "texture": "#0"},
				"down": {"uv": [6, 4.5, 3.75, 6], "texture": "#0"}
			}
		},
		{
			"name": "left_wing",
			"from": [-2.5, 9, 5.77778],
			"to": [6.5, 9, 11.77778],
			"shade": false,
			"rotation": {"angle": 0, "axis": "y", "origin": [8, 0, 8.77778]},
			"faces": {
				"north": {"uv": [3.75, 6, 1.5, 6], "texture": "#0"},
				"east": {"uv": [5.25, 6, 3.75, 6], "texture": "#0"},
				"south": {"uv": [7.5, 6, 5.25, 6], "texture": "#0"},
				"west": {"uv": [1.5, 6, 0, 6], "texture": "#0"},
				"up": {"uv": [1.5, 6, 3.75, 4.5], "texture": "#0"},
				"down": {"uv": [3.75, 4.5, 6, 6], "texture": "#0"}
			}
		}
	],
	"display": {
		"thirdperson_righthand": {
			"rotation": [31.67, 20, -4.09],
			"translation": [0, 2.5, 1],
			"scale": [0.3, 0.3, 0.3]
		},
		"thirdperson_lefthand": {
			"rotation": [31.67, 20, -4.09],
			"translation": [0, 2.5, 1],
			"scale": [0.3, 0.3, 0.3]
		},
		"firstperson_righthand": {
			"rotation": [-1.8, 23.24, 7.41],
			"translation": [0, 2.5, 0.25],
			"scale": [0.3, 0.3, 0.3]
		},
		"firstperson_lefthand": {
			"rotation": [-1.8, 23.24, 7.41],
			"translation": [0, 2.5, 0.25],
			"scale": [0.3, 0.3, 0.3]
		},
		"ground": {
			"translation": [0, 2, 0],
			"scale": [0.5, 0.5, 0.5]
		},
		"gui": {
			"rotation": [30, 225, 0],
			"translation": [0.75, 0, 0],
			"scale": [0.8, 0.8, 0.8]
		},
		"head": {
			"rotation": [5.68, 12.75, -1.85],
			"translation": [4.25, 9.25, -6.25],
			"scale": [0.4, 0.4, 0.4]
		},
		"fixed": {
			"rotation": [-90, 0, 0],
			"translation": [0, 0, -7.25]
		}
	}
}