{
	"credit": "made by: brainsynder",
	"ambientocclusion": false,
	"textures": {
		"0": "entity/squid/squid"
	},
	"elements": [
		{
			"name": "body",
			"from": [1.98889, 16, 2],
			"to": [13.98889, 32, 14],
			"rotation": {"angle": 0, "axis": "z", "origin": [8, 10.77778, 8]},
			"faces": {
				"north": {"uv": [3, 6, 6, 14], "texture": "#0"},
				"east": {"uv": [0, 6, 3, 14], "texture": "#0"},
				"south": {"uv": [9, 6, 12, 14], "texture": "#0"},
				"west": {"uv": [6, 6, 9, 14], "texture": "#0"},
				"up": {"uv": [6, 6, 3, 0], "texture": "#0"},
				"down": {"uv": [9, 0, 6, 6], "texture": "#0"}
			}
		},
		{
			"name": "tentacle1",
			"from": [11.88889, 0, 7],
			"to": [13.88889, 18, 9],
			"rotation": {"angle": 0, "axis": "z", "origin": [8, 10.77778, 8]},
			"faces": {
				"north": {"uv": [12.5, 1, 13, 10], "texture": "#0"},
				"east": {"uv": [12, 1, 12.5, 10], "texture": "#0"},
				"south": {"uv": [13.5, 1, 14, 10], "texture": "#0"},
				"west": {"uv": [13, 1, 13.5, 10], "texture": "#0"},
				"up": {"uv": [13, 1, 12.5, 0], "texture": "#0"},
				"down": {"uv": [13.5, 0, 13, 1], "texture": "#0"}
			}
		},
		{
			"name": "tentacle2_rotation",
			"from": [10.48889, 0, 3.5],
			"to": [12.48889, 18, 5.5],
			"rotation": {"angle": 0, "axis": "z", "origin": [8, 10.77778, 8]},
			"faces": {
				"north": {"uv": [12.5, 1, 13, 10], "texture": "#0"},
				"east": {"uv": [12, 1, 12.5, 10], "texture": "#0"},
				"south": {"uv": [13.5, 1, 14, 10], "texture": "#0"},
				"west": {"uv": [13, 1, 13.5, 10], "texture": "#0"},
				"up": {"uv": [13, 1, 12.5, 0], "texture": "#0"},
				"down": {"uv": [13.5, 0, 13, 1], "texture": "#0"}
			}
		},
		{
			"name": "tentacle3",
			"from": [6.98889, 0, 2.1],
			"to": [8.98889, 18, 4.1],
			"rotation": {"angle": 0, "axis": "z", "origin": [8, 10.77778, 8]},
			"faces": {
				"north": {"uv": [12.5, 1, 13, 10], "texture": "#0"},
				"east": {"uv": [12, 1, 12.5, 10], "texture": "#0"},
				"south": {"uv": [13.5, 1, 14, 10], "texture": "#0"},
				"west": {"uv": [13, 1, 13.5, 10], "texture": "#0"},
				"up": {"uv": [13, 1, 12.5, 0], "texture": "#0"},
				"down": {"uv": [13.5, 0, 13, 1], "texture": "#0"}
			}
		},
		{
			"name": "tentacle4_rotation",
			"from": [3.48889, 0, 3.5],
			"to": [5.48889, 18, 5.5],
			"rotation": {"angle": 0, "axis": "z", "origin": [8, 10.77778, 8]},
			"faces": {
				"north": {"uv": [12.5, 1, 13, 10], "texture": "#0"},
				"east": {"uv": [12, 1, 12.5, 10], "texture": "#0"},
				"south": {"uv": [13.5, 1, 14, 10], "texture": "#0"},
				"west": {"uv": [13, 1, 13.5, 10], "texture": "#0"},
				"up": {"uv": [13, 1, 12.5, 0], "texture": "#0"},
				"down": {"uv": [13.5, 0, 13, 1], "texture": "#0"}
			}
		},
		{
			"name": "tentacle5",
			"from": [2.18889, 0, 7],
			"to": [4.18889, 18, 9],
			"rotation": {"angle": 0, "axis": "z", "origin": [8, 10.77778, 8]},
			"faces": {
				"north": {"uv": [12.5, 1, 13, 10], "texture": "#0"},
				"east": {"uv": [12, 1, 12.5, 10], "texture": "#0"},
				"south": {"uv": [13.5, 1, 14, 10], "texture": "#0"},
				"west": {"uv": [13, 1, 13.5, 10], "texture": "#0"},
				"up": {"uv": [13, 1, 12.5, 0], "texture": "#0"},
				"down": {"uv": [13.5, 0, 13, 1], "texture": "#0"}
			}
		},
		{
			"name": "tentacle6_rotation",
			"from": [3.48889, 0, 10.5],
			"to": [5.48889, 18, 12.5],
			"rotation": {"angle": 0, "axis": "z", "origin": [8, 10.77778, 8]},
			"faces": {
				"north": {"uv": [12.5, 1, 13, 10], "texture": "#0"},
				"east": {"uv": [12, 1, 12.5, 10], "texture": "#0"},
				"south": {"uv": [13.5, 1, 14, 10], "texture": "#0"},
				"west": {"uv": [13, 1, 13.5, 10], "texture": "#0"},
				"up": {"uv": [13, 1, 12.5, 0], "texture": "#0"},
				"down": {"uv": [13.5, 0, 13, 1], "texture": "#0"}
			}
		},
		{
			"name": "tentacle7_rotation",
			"from": [6.98889, 0, 11.9],
			"to": [8.98889, 18, 13.9],
			"rotation": {"angle": 0, "axis": "z", "origin": [8, 10.77778, 8]},
			"faces": {
				"north": {"uv": [12.5, 1, 13, 10], "texture": "#0"},
				"east": {"uv": [12, 1, 12.5, 10], "texture": "#0"},
				"south": {"uv": [13.5, 1, 14, 10], "texture": "#0"},
				"west": {"uv": [13, 1, 13.5, 10], "texture": "#0"},
				"up": {"uv": [13, 1, 12.5, 0], "texture": "#0"},
				"down": {"uv": [13.5, 0, 13, 1], "texture": "#0"}
			}
		},
		{
			"name": "tentacle8_rotation",
			"from": [10.48889, 0, 10.5],
			"to": [12.48889, 18, 12.5],
			"rotation": {"angle": 0, "axis": "z", "origin": [8, 10.77778, 8]},
			"faces": {
				"north": {"uv": [12.5, 1, 13, 10], "texture": "#0"},
				"east": {"uv": [12, 1, 12.5, 10], "texture": "#0"},
				"south": {"uv": [13.5, 1, 14, 10], "texture": "#0"},
				"west": {"uv": [13, 1, 13.5, 10], "texture": "#0"},
				"up": {"uv": [13, 1, 12.5, 0], "texture": "#0"},
				"down": {"uv": [13.5, 0, 13, 1], "texture": "#0"}
			}
		}
	],
	"display": {
		"thirdperson_righthand": {
			"translation": [0, 3, 1.5],
			"scale": [0.2, -0.2, 0.2]
		},
		"thirdperson_lefthand": {
			"translation": [0, 3, 1.5],
			"scale": [0.2, -0.2, 0.2]
		},
		"firstperson_righthand": {
			"rotation": [0, -90, 25],
			"translation": [1.13, 3.2, 1.13],
			"scale": [0.2, 0.2, 0.2]
		},
		"firstperson_lefthand": {
			"rotation": [0, -90, 25],
			"translation": [1.13, 3.2, 1.13],
			"scale": [0.2, 0.2, 0.2]
		},
		"ground": {
			"translation": [0, -1.25, 0],
			"scale": [0.2, 0.2, 0.2]
		},
		"gui": {
			"rotation": [30, 225, 0],
			"translation": [0, -3, 0],
			"scale": [0.4, 0.4, 0.4]
		},
		"head": {
			"rotation": [0, 22, -90],
			"translation": [-3, 9.75, 1.25],
			"scale": [0.5, 0.5, 0.5]
		},
		"fixed": {
			"rotation": [0, 0, -45.5],
			"translation": [-2.75, -2.75, 0],
			"scale": [0.5, 0.5, 0.5]
		}
	}
}