{
	"credit": "made by: brainsynder",
	"ambientocclusion": false,
	"textures": {
		"0": "entity/pig/pig",
		"1": "block/bone_block_side"
	},
	"elements": [
		{
			"from": [7.5, 0, 7.6],
			"to": [8.5, 1, 8.6],
			"rotation": {"angle": 0, "axis": "y", "origin": [8, 0.5, 8.1]},
			"color": 0,
			"faces": {
				"north": {"uv": [0, 0, 1, 1], "texture": "#missing"},
				"east": {"uv": [0, 0, 1, 1], "texture": "#missing"},
				"south": {"uv": [0, 0, 1, 1], "texture": "#missing"},
				"west": {"uv": [0, 0, 1, 1], "texture": "#missing"},
				"up": {"uv": [0, 0, 1, 1], "texture": "#missing"},
				"down": {"uv": [0, 0, 1, 1], "texture": "#missing"}
			}
		},
		{
			"from": [6.5, -16, 6.6],
			"to": [9.5, 17, 9.6],
			"rotation": {"angle": 0, "axis": "y", "origin": [8, 0.5, 8.1]},
			"faces": {
				"north": {"uv": [0, 0, 3, 16], "texture": "#1"},
				"east": {"uv": [0, 0, 3, 16], "texture": "#1"},
				"south": {"uv": [0, 0, 3, 16], "texture": "#1"},
				"west": {"uv": [6.6, 0, 9.6, 16], "texture": "#1"},
				"up": {"uv": [0, 0, 3, 3], "texture": "#1"},
				"down": {"uv": [0, 0, 3, 3], "texture": "#1"}
			}
		},
		{
			"name": "body",
			"from": [6.3, 22.5, 5.4],
			"to": [9.63, 25.16, 10.73],
			"rotation": {"angle": 0, "axis": "z", "origin": [7.96, 22.70857, 6.90286]},
			"faces": {
				"north": {"uv": [9, 8, 11.5, 16], "texture": "#0"},
				"east": {"uv": [7, 8, 9, 16], "texture": "#0"},
				"south": {"uv": [13.5, 8, 16, 16], "texture": "#0"},
				"west": {"uv": [11.5, 8, 13.5, 16], "texture": "#0"},
				"up": {"uv": [11.5, 8, 9, 4], "texture": "#0"},
				"down": {"uv": [14, 4, 11.5, 8], "texture": "#0"}
			}
		},
		{
			"name": "head",
			"from": [6.6, 23.5, 3.4],
			"to": [9.26, 26.16, 6.06],
			"rotation": {"angle": 0, "axis": "z", "origin": [7.96, 22.70857, 6.90286]},
			"faces": {
				"north": {"uv": [2, 4, 4, 8], "texture": "#0"},
				"east": {"uv": [0, 4, 2, 8], "texture": "#0"},
				"south": {"uv": [6, 4, 8, 8], "texture": "#0"},
				"west": {"uv": [4, 4, 6, 8], "texture": "#0"},
				"up": {"uv": [4, 4, 2, 0], "texture": "#0"},
				"down": {"uv": [6, 0, 4, 4], "texture": "#0"}
			}
		},
		{
			"name": "head",
			"from": [7.3, 23.8, 3.1],
			"to": [8.63, 24.8, 3.43],
			"rotation": {"angle": 0, "axis": "z", "origin": [7.96, 22.70857, 6.90286]},
			"faces": {
				"north": {"uv": [4.25, 8.5, 5.25, 10], "texture": "#0"},
				"east": {"uv": [4, 8.5, 4.25, 10], "texture": "#0"},
				"south": {"uv": [5.5, 8.5, 6.5, 10], "texture": "#0"},
				"west": {"uv": [5.25, 8.5, 5.5, 10], "texture": "#0"},
				"up": {"uv": [5.25, 8.5, 4.25, 8], "texture": "#0"},
				"down": {"uv": [6.25, 8, 5.25, 8.5], "texture": "#0"}
			}
		},
		{
			"name": "leg1",
			"from": [6.3, 20.5, 9.4],
			"to": [7.63, 22.5, 10.73],
			"rotation": {"angle": 0, "axis": "z", "origin": [7.96, 22.70857, 6.90286]},
			"faces": {
				"north": {"uv": [1, 10, 2, 13], "texture": "#0"},
				"east": {"uv": [0, 10, 1, 13], "texture": "#0"},
				"south": {"uv": [3, 10, 4, 13], "texture": "#0"},
				"west": {"uv": [2, 10, 3, 13], "texture": "#0"},
				"up": {"uv": [2, 10, 1, 8], "texture": "#0"},
				"down": {"uv": [3, 8, 2, 10], "texture": "#0"}
			}
		},
		{
			"name": "leg2",
			"from": [8.3, 20.5, 9.4],
			"to": [9.63, 22.5, 10.73],
			"rotation": {"angle": 0, "axis": "z", "origin": [7.96, 22.70857, 6.90286]},
			"faces": {
				"north": {"uv": [1, 10, 2, 13], "texture": "#0"},
				"east": {"uv": [0, 10, 1, 13], "texture": "#0"},
				"south": {"uv": [3, 10, 4, 13], "texture": "#0"},
				"west": {"uv": [2, 10, 3, 13], "texture": "#0"},
				"up": {"uv": [2, 10, 1, 8], "texture": "#0"},
				"down": {"uv": [3, 8, 2, 10], "texture": "#0"}
			}
		},
		{
			"name": "leg3",
			"from": [6.3, 20.5, 5.4],
			"to": [7.63, 22.5, 6.73],
			"rotation": {"angle": 0, "axis": "z", "origin": [7.96, 22.70857, 6.90286]},
			"faces": {
				"north": {"uv": [1, 10, 2, 13], "texture": "#0"},
				"east": {"uv": [0, 10, 1, 13], "texture": "#0"},
				"south": {"uv": [3, 10, 4, 13], "texture": "#0"},
				"west": {"uv": [2, 10, 3, 13], "texture": "#0"},
				"up": {"uv": [2, 10, 1, 8], "texture": "#0"},
				"down": {"uv": [3, 8, 2, 10], "texture": "#0"}
			}
		},
		{
			"name": "leg4",
			"from": [8.3, 20.5, 5.4],
			"to": [9.63, 22.5, 6.73],
			"rotation": {"angle": 0, "axis": "z", "origin": [7.96, 22.70857, 6.90286]},
			"faces": {
				"north": {"uv": [1, 10, 2, 13], "texture": "#0"},
				"east": {"uv": [0, 10, 1, 13], "texture": "#0"},
				"south": {"uv": [3, 10, 4, 13], "texture": "#0"},
				"west": {"uv": [2, 10, 3, 13], "texture": "#0"},
				"up": {"uv": [2, 10, 1, 8], "texture": "#0"},
				"down": {"uv": [3, 8, 2, 10], "texture": "#0"}
			}
		},
		{
			"from": [11.88909, 11.76777, 6.9],
			"to": [14.88909, 22.76777, 9.301],
			"rotation": {"angle": -45, "axis": "z", "origin": [13.38909, 18.76777, 8.1]},
			"faces": {
				"north": {"uv": [1.11091, 0, 4.11091, 11], "texture": "#1"},
				"east": {"uv": [0, 0, 2.801, 11], "texture": "#1"},
				"south": {"uv": [0, 0, 3, 11], "texture": "#1"},
				"west": {"uv": [0, 0, 2.801, 11], "texture": "#1"},
				"up": {"uv": [0, 0, 3, 2.801], "texture": "#1"},
				"down": {"uv": [0, 0, 3, 2.801], "texture": "#1"}
			}
		},
		{
			"from": [15.34906, 20.91926, 7.1],
			"to": [18.34906, 25.91926, 9.101],
			"rotation": {"angle": -22.5, "axis": "z", "origin": [16.84906, 23.41926, 8.1005]},
			"faces": {
				"north": {"uv": [0, 0, 3, 5], "texture": "#1"},
				"east": {"uv": [0, 0, 2.601, 5], "texture": "#1"},
				"south": {"uv": [0, 0, 3, 5], "texture": "#1"},
				"west": {"uv": [0, 0, 2.601, 5], "texture": "#1"},
				"up": {"uv": [0, 0, 3, 2.601], "texture": "#1"},
				"down": {"uv": [0, 0, 3, 2.601], "texture": "#1"}
			}
		},
		{
			"from": [1.11091, 11.76777, 6.9],
			"to": [4.11091, 22.76777, 9.201],
			"rotation": {"angle": 45, "axis": "z", "origin": [2.61091, 18.76777, 8.1]},
			"faces": {
				"north": {"uv": [11.88909, 0, 14.88909, 11], "texture": "#1"},
				"east": {"uv": [0, 0, 2.801, 11], "texture": "#1"},
				"south": {"uv": [0, 0, 3, 11], "texture": "#1"},
				"west": {"uv": [0, 0, 2.801, 11], "texture": "#1"},
				"up": {"uv": [0, 0, 3, 2.801], "texture": "#1"},
				"down": {"uv": [0, 0, 3, 2.801], "texture": "#1"}
			}
		},
		{
			"from": [-2.34906, 20.91926, 7.3],
			"to": [0.65094, 25.91926, 8.701],
			"rotation": {"angle": 22.5, "axis": "z", "origin": [-0.84906, 23.41926, 8.1005]},
			"faces": {
				"north": {"uv": [13, 0, 16, 5], "texture": "#1"},
				"east": {"uv": [0, 0, 1.401, 5], "texture": "#1"},
				"south": {"uv": [0, 0, 3, 5], "texture": "#1"},
				"west": {"uv": [0, 0, 1.401, 5], "texture": "#1"},
				"up": {"uv": [0, 0, 3, 1.401], "texture": "#1"},
				"down": {"uv": [0, 0, 3, 1.401], "texture": "#1"}
			}
		}
	],
	"display": {
		"thirdperson_righthand": {
			"rotation": [0, 112, 0],
			"translation": [0, 9, 1.25],
			"scale": [0.4, 0.4, 0.5]
		},
		"thirdperson_lefthand": {
			"rotation": [0, 112, 0],
			"translation": [0, 9, 1.25],
			"scale": [0.4, 0.4, 0.4]
		},
		"firstperson_righthand": {
			"rotation": [0, 109, 0],
			"translation": [0, 1.75, -0.75],
			"scale": [0.4, 0.4, 0.4]
		},
		"firstperson_lefthand": {
			"rotation": [0, 109, 0],
			"translation": [0, 1.75, -0.75],
			"scale": [0.4, 0.4, 0.4]
		},
		"ground": {
			"rotation": [35, 48, 20],
			"translation": [0, 2.5, 0],
			"scale": [0.25, 0.25, 0.25]
		},
		"gui": {
			"rotation": [3, -167, -32],
			"translation": [0, 0, -1.75],
			"scale": [0.4, 0.4, 0.4]
		},
		"head": {
			"rotation": [-27.25, 0, 0],
			"translation": [0, 8.75, -8],
			"scale": [0.67, 0.54, 0.64]
		},
		"fixed": {
			"rotation": [3, 7, -32],
			"translation": [0, 0, -1.75],
			"scale": [0.4, 0.4, 0.4]
		}
	}
}