{
	"credit": "made by: brainsynder",
	"ambientocclusion": false,
	"textures": {
		"2": "crafter/top"
	},
	"elements": [
		{
			"from": [0, -0.5, 0],
			"to": [16, 15.5, 16],
			"faces": {
				"north": {"uv": [0, 0, 16, 16], "texture": "#2"},
				"east": {"uv": [0, 0, 16, 16], "texture": "#2"},
				"south": {"uv": [0, 0, 16, 16], "texture": "#2"},
				"west": {"uv": [0, 0, 16, 16], "texture": "#2"},
				"up": {"uv": [0, 0, 16, 16], "texture": "#2"},
				"down": {"uv": [0, 0, 16, 16], "texture": "#2"}
			}
		},
		{
			"from": [3, 14.75, 3],
			"to": [13, 16, 13],
			"rotation": {"angle": 0, "axis": "y", "origin": [7.5, 7.5, 7.5]},
			"faces": {
				"north": {"uv": [3, 3, 13, 4], "texture": "#2"},
				"east": {"uv": [3, 3, 13, 4], "texture": "#2"},
				"south": {"uv": [3, 3, 13, 4], "texture": "#2"},
				"west": {"uv": [3, 3, 13, 4], "texture": "#2"},
				"up": {"uv": [3, 3, 13, 13], "texture": "#2"},
				"down": {"uv": [0, 0, 10, 10], "texture": "#missing"}
			}
		}
	],
	"display": {
		"thirdperson_righthand": {
			"rotation": [75, 45, 0],
			"translation": [0, 2.5, 0],
			"scale": [0.375, 0.375, 0.375]
		},
		"thirdperson_lefthand": {
			"rotation": [75, 45, 0],
			"translation": [0, 2.5, 0],
			"scale": [0.375, 0.375, 0.375]
		},
		"firstperson_righthand": {
			"rotation": [0, 45, 0],
			"scale": [0.4, 0.4, 0.4]
		},
		"firstperson_lefthand": {
			"rotation": [0, 225, 0],
			"scale": [0.4, 0.4, 0.4]
		},
		"ground": {
			"translation": [0, 3, 0],
			"scale": [0.25, 0.25, 0.25]
		},
		"gui": {
			"rotation": [30, 225, 0],
			"scale": [0.625, 0.625, 0.625]
		},
		"fixed": {
			"rotation": [-90, 0, 0],
			"translation": [0, 0, 17],
			"scale": [2.01, 2.01, 2.01]
		}
	}
}